,def100,tot200,off100,Possessions,year,name
467,-3.3,-5.9,-2.7,2190.0,2013.0,Doron Lamb
476,-2.8,-5.9,-3.1,4751.0,2012.0,Norris Cole
466,-3.4,-5.8,-2.4,2366.0,2013.0,Jeremy Pargo
440,-3.7,-5.6,-1.8,3619.0,2009.0,Bobby Brown
437,-1.6,-5.4,-3.8,2184.0,2001.0,Dragan Tarlac
448,-2.7,-5.4,-2.7,1245.0,2006.0,Sergei Monia
463,-1.7,-5.2,-3.5,3374.0,2013.0,Will Barton
433,-0.2,-5.2,-5.0,2363.0,2002.0,Eric Montross
430,-1.3,-5.0,-3.7,6456.0,2001.0,John Amaechi
460,-2.1,-5.0,-2.9,1410.0,2013.0,Marquis Teague
428,-1.9,-4.8,-2.9,1124.0,2009.0,Sean Singletary
423,-2.6,-4.8,-2.2,1689.0,2001.0,David Benoit
429,-3.0,-4.8,-1.8,4886.0,2002.0,Courtney Alexander
430,-3.4,-4.8,-1.4,1877.0,2002.0,John Wallace
426,-0.8,-4.8,-4.0,2393.0,2001.0,Otis Thorpe
425,-1.9,-4.8,-2.9,3420.0,2001.0,Roshown McLeod
408,-2.3,-4.7,-2.4,4657.0,2003.0,Mike Batiste
447,-0.7,-4.6,-3.9,820.0,2005.0,Michael Curry
425,-1.8,-4.6,-2.8,5094.0,2002.0,Hanno Mottola
460,-2.2,-4.6,-2.3,1350.0,2012.0,Walker Russell
447,-3.6,-4.5,-0.9,3512.0,2013.0,John Jenkins
451,-2.3,-4.5,-2.3,5102.0,2013.0,Austin Rivers
448,-3.1,-4.5,-1.4,48.0,2013.0,Andrew Goudelock
417,-0.3,-4.5,-4.2,1345.0,2001.0,Duane Causwell
418,-2.9,-4.5,-1.6,2487.0,2001.0,Vernon Maxwell
449,-3.2,-4.5,-1.3,2732.0,2013.0,Kendall Marshall
416,-0.9,-4.4,-3.5,2063.0,2001.0,Loy Vaught
440,-2.6,-4.4,-1.9,3179.0,2007.0,David Noel
440,-2.7,-4.3,-1.6,4568.0,2013.0,Terrence Ross
422,-2.7,-4.3,-1.5,1217.0,2010.0,Jermaine Taylor
418,-2.3,-4.3,-1.9,2710.0,2002.0,Sam Mitchell
437,-2.6,-4.2,-1.6,1534.0,2013.0,Kim English
434,-0.6,-4.1,-3.6,1765.0,2013.0,Joel Freeland
435,-2.1,-4.1,-2.0,980.0,2013.0,Donald Sloan
436,-0.5,-4.1,-3.6,5378.0,2013.0,Earl Clark
432,-2.3,-4.1,-1.8,3401.0,2013.0,MarShon Brooks
425,-3.6,-4.1,-0.5,1547.0,2008.0,Salim Stoudamire
429,-2.1,-4.1,-2.0,3079.0,2013.0,DeQuan Jones
431,-1.8,-4.1,-2.3,3048.0,2013.0,Victor Claver
424,-2.6,-4.0,-1.4,1481.0,2005.0,Lionel Chalmers
411,-2.4,-4.0,-1.6,1540.0,2006.0,Josh Powell
416,-1.8,-4.0,-2.2,498.0,2010.0,Darnell Jackson
452,-2.1,-3.9,-1.8,3497.0,2012.0,Charles Jenkins
403,-1.9,-3.9,-2.0,596.0,2004.0,Bimbo Coles
400,-2.3,-3.9,-1.5,1905.0,2004.0,Travis Hansen
421,-1.3,-3.8,-2.6,3601.0,2013.0,Nando De Colo
397,-2.4,-3.8,-1.4,7730.0,2001.0,Johnny Newman
411,-2.9,-3.8,-0.9,9439.0,2010.0,Jonny Flynn
409,-2.2,-3.8,-1.6,931.0,2010.0,Adam Morrison
416,-2.2,-3.8,-1.6,1507.0,2007.0,Quincy Douby
382,-1.9,-3.8,-1.9,337.0,2003.0,Antoine Rigaudeau
447,-1.1,-3.7,-2.7,1232.0,2012.0,E'Twaun Moore
417,-3.4,-3.7,-0.3,4715.0,2013.0,Brian Roberts
415,-3.1,-3.7,-0.6,2126.0,2013.0,Donatas Motiejunas
395,-3.8,-3.7,0.1,1822.0,2001.0,Mahmoud Abdul-Rauf
412,-1.7,-3.7,-2.0,672.0,2007.0,Pat Burke
408,-4.9,-3.6,1.4,3719.0,2013.0,Jimmer Fredette
411,-1.8,-3.6,-1.8,126.0,2013.0,Cory Higgins
412,-0.9,-3.6,-2.7,2509.0,2013.0,Darius Miller
390,-1.8,-3.6,-1.8,824.0,2001.0,Kornel David
391,-0.8,-3.6,-2.7,2676.0,2001.0,Gerard King
392,-1.6,-3.6,-2.0,619.0,2001.0,Doug West
406,-1.8,-3.5,-1.7,1022.0,2013.0,Tony Wroten
402,-2.4,-3.5,-1.1,1855.0,2013.0,Mirza Teletovic
388,-2.8,-3.5,-0.7,7803.0,2001.0,John Starks
382,-1.6,-3.4,-1.7,389.0,2006.0,Nikoloz Tskitishvili
385,-1.3,-3.4,-2.1,105.0,2002.0,Greg Foster
401,-0.8,-3.4,-2.7,7467.0,2013.0,Maurice Harkless
398,-1.0,-3.4,-2.4,4015.0,2013.0,Thomas Robinson
396,-1.9,-3.4,-1.4,2290.0,2013.0,Orlando Johnson
387,-2.8,-3.4,-0.6,9193.0,2001.0,Ron Mercer
403,-2.1,-3.4,-1.3,3511.0,2011.0,Eugene Jeter
397,-3.4,-3.4,-0.0,6465.0,2011.0,Gary Neal
390,-1.7,-3.3,-1.6,1793.0,2005.0,Zoran Planinic
393,-1.2,-3.3,-2.1,4527.0,2013.0,Meyers Leonard
392,-2.0,-3.3,-1.3,204.0,2013.0,Kevin Murphy
391,-2.0,-3.3,-1.3,550.0,2013.0,Jeremy Lamb
360,-2.0,-3.3,-1.3,554.0,2003.0,Efthimi Rentzias
394,-2.2,-3.3,-1.2,824.0,2013.0,Tyshawn Taylor
373,-1.6,-3.3,-1.8,549.0,2004.0,Rodney Buford
371,0.0,-3.3,-3.3,8359.0,2004.0,Trenton Hassell
375,-1.7,-3.3,-1.6,466.0,2006.0,Willie Green
389,1.6,-3.3,-4.9,5286.0,2008.0,Johan Petro
391,-1.8,-3.3,-1.6,2951.0,2009.0,Mike Taylor
389,-2.1,-3.3,-1.2,123.0,2009.0,Sun Yue
376,-2.3,-3.2,-0.9,4368.0,2001.0,Chris Porter
377,-2.3,-3.2,-0.9,3456.0,2001.0,Khalid El-Amin
378,-1.2,-3.2,-2.1,2399.0,2001.0,Kevin Edwards
372,-2.1,-3.2,-1.1,531.0,2006.0,Boniface N'Dong
363,-1.9,-3.2,-1.3,245.0,2004.0,Quincy Lewis
373,-1.5,-3.2,-1.7,4055.0,2001.0,Sherman Douglas
386,-2.0,-3.2,-1.1,481.0,2005.0,John Edwards
385,-1.4,-3.2,-1.8,784.0,2013.0,Ben Hansbrough
386,-2.1,-3.2,-1.1,754.0,2013.0,Maalik Wayns
382,-1.2,-3.2,-1.9,1092.0,2013.0,Nolan Smith
380,-2.1,-3.2,-1.0,6547.0,2013.0,Jordan Crawford
381,-1.7,-3.2,-1.5,241.0,2013.0,Luke Zeller
414,-1.8,-3.2,-1.4,471.0,2012.0,Trey Thompkins
411,-0.9,-3.2,-2.2,2750.0,2012.0,Xavier Henry
345,-1.0,-3.1,-2.1,2471.0,2003.0,Juaquin Hawkins
385,-2.0,-3.1,-1.1,857.0,2011.0,Derrick Caracter
380,-1.2,-3.1,-1.9,349.0,2007.0,Wayne Simien
372,-1.9,-3.1,-1.2,127.0,2013.0,Lazar Hayward
373,-2.2,-3.1,-0.8,1622.0,2013.0,Cory Joseph
377,-2.3,-3.1,-0.9,1830.0,2013.0,Evan Fournier
373,-1.8,-3.1,-1.3,283.0,2002.0,Isaac Fontaine
363,-1.7,-3.1,-1.4,821.0,2006.0,Gerald Fitch
372,-2.9,-3.1,-0.3,1144.0,2001.0,Chris Carr
371,-1.9,-3.1,-1.2,1002.0,2001.0,Tyus Edney
373,-0.8,-3.0,-2.2,1813.0,2009.0,Rob Kurz
368,-3.2,-3.0,0.1,8518.0,2008.0,Juan Carlos Navarro
337,-1.9,-3.0,-1.1,7545.0,2003.0,Jay Williams
339,-2.0,-3.0,-1.0,411.0,2003.0,Adam Harrington
378,-1.2,-3.0,-1.8,279.0,2005.0,Erik Daniels
362,-1.0,-3.0,-2.0,5673.0,2013.0,Jeff Taylor
363,-2.4,-3.0,-0.6,5692.0,2001.0,Vonteego Cummings
367,-2.7,-3.0,-0.3,2808.0,2002.0,Steve Kerr
366,-1.7,-3.0,-1.3,578.0,2002.0,Joe Crispin
370,-1.5,-3.0,-1.6,587.0,2013.0,Diante Garrett
371,-0.5,-3.0,-2.5,2230.0,2011.0,Semih Erden
396,-1.3,-3.0,-1.7,371.0,2012.0,Courtney Fortson
398,-1.5,-3.0,-1.5,431.0,2012.0,DeAndre Liggins
386,-1.6,-2.9,-1.2,610.0,2012.0,Darius Morris
331,-1.6,-2.9,-1.3,90.0,2003.0,Ruben Wolkowyski
332,-1.2,-2.9,-1.7,4564.0,2003.0,Gary Trent
357,-1.5,-2.9,-1.4,2742.0,2008.0,Javaris Crittenton
352,-3.2,-2.9,0.3,1559.0,2001.0,Chris Herren
354,-1.4,-2.9,-1.5,442.0,2001.0,Tyrone Corbin
368,-1.3,-2.9,-1.6,175.0,2010.0,Yakhouba Diawara
356,-2.9,-2.9,0.0,2030.0,2001.0,Cedric Ceballos
349,-1.5,-2.9,-1.3,183.0,2001.0,Sean Colson
369,-0.9,-2.9,-2.0,6024.0,2011.0,Sam Young
350,-1.8,-2.9,-1.1,54.0,2006.0,Sharrod Ford
358,-1.2,-2.9,-1.7,483.0,2013.0,Terrel Harris
351,-1.4,-2.9,-1.5,1304.0,2004.0,Reece Gaines
352,-2.0,-2.9,-0.9,863.0,2004.0,Maciej Lampe
367,-1.8,-2.9,-1.2,767.0,2005.0,Antonio Burks
348,-2.0,-2.8,-0.8,3275.0,2002.0,Will Solomon
359,-1.7,-2.8,-1.1,524.0,2005.0,Jared Reiner
351,-1.6,-2.8,-1.3,78.0,2002.0,Ernest Brown
350,-1.9,-2.8,-1.0,2065.0,2002.0,Kenny Satterfield
353,-0.7,-2.8,-2.1,482.0,2009.0,Jermareo Davidson
350,-1.8,-2.8,-1.0,1840.0,2009.0,Shannon Brown
361,-1.3,-2.8,-1.5,310.0,2007.0,Uros Slokar
344,0.0,-2.8,-2.8,3026.0,2001.0,Tony Massenburg
343,-1.6,-2.8,-1.2,296.0,2001.0,Tony Smith
342,-0.5,-2.8,-2.3,1736.0,2001.0,Derek Strong
357,-1.4,-2.8,-1.4,90.0,2013.0,Scott Machado
342,-2.7,-2.8,-0.2,127.0,2004.0,Tracy Murray
335,-1.7,-2.8,-1.1,103.0,2006.0,Derrick Zimmerman
338,-1.9,-2.8,-0.9,485.0,2006.0,Devin Green
340,-1.4,-2.8,-1.5,770.0,2006.0,Robert Whaley
339,-1.8,-2.8,-1.0,359.0,2008.0,Gabe Pruitt
382,-1.1,-2.8,-1.6,887.0,2012.0,Ishmael Smith
383,-1.1,-2.8,-1.7,369.0,2012.0,Christian Eyenga
344,-1.4,-2.8,-1.4,1069.0,2008.0,D.J. Strawberry
344,-2.1,-2.7,-0.6,8003.0,2011.0,Nick Young
346,-1.0,-2.7,-1.7,1109.0,2011.0,Terrence Williams
347,-1.3,-2.7,-1.4,5354.0,2011.0,Al Thornton
348,-1.5,-2.7,-1.2,340.0,2011.0,Byron Mullens
349,-1.3,-2.7,-1.4,1144.0,2011.0,Zabian Dowdell
343,-1.6,-2.7,-1.1,79.0,2011.0,Marcus Cousin
336,-1.6,-2.7,-1.1,486.0,2002.0,Doug Overton
342,-2.3,-2.7,-0.5,4433.0,2002.0,Hubert Davis
335,-1.7,-2.7,-1.0,48.0,2004.0,Dana Barros
372,-1.3,-2.7,-1.4,482.0,2012.0,Marcus Morris
346,-0.7,-2.7,-2.0,1085.0,2007.0,Vassilis Spanoulis
375,-1.5,-2.7,-1.2,594.0,2012.0,Elliot Williams
327,-1.6,-2.7,-1.1,31.0,2008.0,Lance Allred
350,-1.5,-2.7,-1.2,22.0,2007.0,Mile Ilic
349,-0.9,-2.7,-1.8,627.0,2007.0,Will Blalock
327,-0.9,-2.7,-1.8,607.0,2006.0,Kevin Burleson
343,-1.1,-2.7,-1.5,735.0,2009.0,DeMarcus Nelson
319,-3.1,-2.7,0.4,5544.0,2003.0,J.R. Bremer
356,-0.5,-2.7,-2.2,3062.0,2005.0,Royal Ivey
335,-0.9,-2.7,-1.8,750.0,2001.0,Bill Curley
352,-1.8,-2.7,-0.9,5353.0,2010.0,Sonny Weems
347,-1.4,-2.7,-1.3,825.0,2013.0,Robert Sacre
349,-1.3,-2.7,-1.5,3967.0,2013.0,Reggie Jackson
331,-1.6,-2.7,-1.1,18.0,2006.0,Matt Walsh
329,-1.3,-2.7,-1.4,885.0,2006.0,Rawle Marshall
352,-1.4,-2.7,-1.2,37.0,2005.0,Ibo Kutluay
353,-1.3,-2.7,-1.3,379.0,2005.0,Corsley Edwards
324,-1.4,-2.7,-1.3,386.0,2006.0,Melvin Sanders
304,-1.6,-2.6,-1.0,15.0,2006.0,Deng Gai
303,-1.6,-2.6,-1.0,312.0,2006.0,Noel Felix
309,-1.6,-2.6,-0.9,134.0,2003.0,Tito Maddox
308,-1.0,-2.6,-1.6,990.0,2003.0,Predrag Savovic
363,-1.7,-2.6,-0.9,84.0,2012.0,Dennis Horner
362,-1.5,-2.6,-1.1,183.0,2012.0,Edwin Ubiles
358,-1.6,-2.6,-1.0,217.0,2012.0,D.J. Kennedy
338,-1.6,-2.6,-1.0,104.0,2013.0,Jared Cunningham
337,-1.1,-2.6,-1.4,94.0,2013.0,Solomon Jones
336,-1.6,-2.6,-1.0,31.0,2013.0,Josh Akognon
334,-1.4,-2.6,-1.2,225.0,2013.0,Miles Plumlee
333,-1.5,-2.6,-1.1,43.0,2013.0,Tim Ohlbrecht
332,-1.4,-2.6,-1.2,763.0,2013.0,Devin Ebanks
365,-1.3,-2.6,-1.3,318.0,2012.0,Justin Harper
322,-1.5,-2.6,-1.1,945.0,2004.0,Curtis Borchardt
343,-1.5,-2.6,-1.1,1121.0,2013.0,Terrence Jones
342,-1.4,-2.6,-1.2,203.0,2013.0,Jarvis Varnado
327,0.2,-2.6,-2.8,1895.0,2004.0,Oliver Miller
328,-0.5,-2.6,-2.1,45.0,2004.0,Ryan Humphrey
329,-1.5,-2.6,-1.1,73.0,2004.0,Rusty LaRue
366,-1.4,-2.6,-1.2,178.0,2012.0,Travis Leslie
344,-0.9,-2.6,-1.6,5026.0,2005.0,Keith McLeod
333,-1.2,-2.6,-1.4,335.0,2009.0,Cedric Simmons
329,-1.3,-2.6,-1.3,318.0,2002.0,Kirk Haston
330,-1.6,-2.6,-0.9,240.0,2011.0,Sherron Collins
332,-1.6,-2.6,-1.0,117.0,2011.0,Craig Brackins
328,-1.4,-2.6,-1.2,261.0,2002.0,Norm Richardson
323,-1.5,-2.6,-1.0,131.0,2002.0,Jeryl Sasser
333,-1.2,-2.6,-1.4,1430.0,2001.0,Detlef Schrempf
330,-0.8,-2.6,-1.9,2794.0,2001.0,Jud Buechler
328,-4.1,-2.6,1.5,3588.0,2001.0,Dell Curry
325,1.5,-2.6,-4.0,3155.0,2001.0,Isaac Austin
324,-1.6,-2.6,-1.0,58.0,2001.0,Garth Joseph
323,-2.6,-2.6,0.0,2272.0,2001.0,Paul McPherson
322,0.2,-2.6,-2.7,7399.0,2001.0,Larry Johnson
369,-1.8,-2.6,-0.8,160.0,2012.0,Eric Dawson
322,-1.0,-2.6,-1.5,1210.0,2002.0,Antonis Fotsis
337,-1.1,-2.6,-1.5,4888.0,2007.0,Mickael Gelabale
338,-0.2,-2.6,-2.4,401.0,2007.0,Maurice Taylor
339,-1.5,-2.6,-1.1,5330.0,2007.0,Joey Graham
342,-1.3,-2.6,-1.3,318.0,2007.0,Andreas Glyniadakis
345,-0.4,-2.6,-2.3,2746.0,2007.0,Daniel Ewing
326,-1.0,-2.5,-1.5,5217.0,2013.0,Jae Crowder
327,-2.3,-2.5,-0.3,2019.0,2013.0,Arnett Moultrie
331,-1.5,-2.5,-1.1,27.0,2013.0,Darius Johnson-Odom
324,-2.0,-2.5,-0.5,1504.0,2013.0,Mike Scott
323,-0.1,-2.5,-2.4,7651.0,2013.0,Tyler Zeller
321,-0.7,-2.5,-1.8,2285.0,2013.0,Lance Thomas
324,-1.3,-2.5,-1.1,2850.0,2007.0,Allan Ray
327,-1.5,-2.5,-1.1,165.0,2007.0,Yaroslav Korolev
292,-0.9,-2.5,-1.5,1709.0,2006.0,Donell Taylor
328,-1.3,-2.5,-1.2,194.0,2007.0,Will Conroy
330,-1.0,-2.5,-1.5,1328.0,2007.0,Bobby Jones
331,-1.6,-2.5,-1.0,50.0,2007.0,Roger Powell
332,-1.3,-2.5,-1.2,111.0,2007.0,Steven Smith
321,-1.6,-2.5,-0.9,696.0,2001.0,Mike Smith
320,-1.2,-2.5,-1.3,264.0,2001.0,Jamal Robinson
293,-1.3,-2.5,-1.2,285.0,2006.0,Anthony Roberson
332,-1.3,-2.5,-1.2,794.0,2005.0,Jermaine Jackson
297,-1.5,-2.5,-1.0,37.0,2006.0,Randy Holcomb
315,-1.5,-2.5,-0.9,873.0,2001.0,Terry Davis
314,-1.5,-2.5,-0.9,49.0,2001.0,Terrance Roberson
313,-1.8,-2.5,-0.7,2549.0,2008.0,Juan Dixon
321,-1.5,-2.5,-1.0,153.0,2008.0,Billy Thomas
320,-1.5,-2.5,-1.0,115.0,2013.0,Quincy Miller
319,-1.4,-2.5,-1.1,133.0,2013.0,Fab Melo
353,-0.9,-2.5,-1.7,1113.0,2012.0,JaJuan Johnson
352,-1.3,-2.5,-1.2,931.0,2012.0,Josh Selby
351,-1.3,-2.5,-1.3,1002.0,2012.0,Mickell Gladness
318,0.0,-2.5,-2.5,4753.0,2013.0,Andrew Nicholson
323,-1.2,-2.5,-1.3,1577.0,2008.0,Andre Owens
326,-1.1,-2.5,-1.4,540.0,2011.0,Luke Babbitt
321,-1.5,-2.5,-1.0,69.0,2011.0,Patrick EwingPatrick Ewing
325,-1.4,-2.5,-1.1,95.0,2011.0,Andy Rautins
331,-1.5,-2.5,-1.0,79.0,2010.0,Oliver Lafayette
302,-1.7,-2.5,-0.9,6455.0,2003.0,Jacque Vaughn
301,-1.4,-2.5,-1.1,15.0,2003.0,Guy Rucker
300,-1.3,-2.5,-1.2,295.0,2003.0,Joseph Forte
299,-1.3,-2.5,-1.2,66.0,2003.0,Brandon Williams
296,-1.5,-2.5,-1.0,584.0,2003.0,Ken Johnson
305,-1.5,-2.5,-1.1,260.0,2003.0,Amal McCaskill
325,-1.4,-2.5,-1.1,45.0,2009.0,James White
331,-1.5,-2.5,-1.0,217.0,2009.0,Hassan Adams
321,-1.2,-2.5,-1.4,596.0,2002.0,Malik Allen
320,-1.7,-2.5,-0.8,465.0,2002.0,Alvin Jones
319,-1.8,-2.5,-0.7,7114.0,2002.0,Lee Nailon
314,-1.5,-2.5,-1.0,23.0,2002.0,Ratko Varda
306,-1.3,-2.5,-1.2,138.0,2004.0,Mengke Bateer
304,-1.4,-2.5,-1.0,654.0,2004.0,Theron Smith
311,-1.5,-2.5,-1.1,143.0,2004.0,Alton Ford
315,-1.3,-2.5,-1.2,354.0,2004.0,Paul Grant
302,-1.4,-2.4,-0.9,574.0,2001.0,Pepe Sanchez
306,0.2,-2.4,-2.6,994.0,2007.0,Rafael Araujo
307,-1.4,-2.4,-0.9,170.0,2007.0,Ivan McFarlin
321,-1.6,-2.4,-0.8,667.0,2007.0,Damir Markota
315,-1.4,-2.4,-1.0,54.0,2007.0,Mike Hall
312,-0.9,-2.4,-1.4,5289.0,2007.0,Marcus Williams
314,-1.6,-2.4,-0.8,85.0,2007.0,Jeremy Richardson
313,-1.0,-2.4,-1.4,1057.0,2013.0,Kent Bazemore
309,-1.2,-2.4,-1.1,411.0,2013.0,Daniel Orton
308,-2.3,-2.4,-0.1,1747.0,2013.0,Khris Middleton
296,-1.3,-2.4,-1.1,126.0,2002.0,Eldridge Recasner
302,-1.4,-2.4,-1.0,969.0,2002.0,William Avery
305,-1.4,-2.4,-1.0,12.0,2002.0,Dickey Simpkins
307,-1.4,-2.4,-1.1,372.0,2002.0,Victor Alexander
304,-1.4,-2.4,-1.0,1.0,2001.0,Andy Panko
318,-1.0,-2.4,-1.4,482.0,2005.0,Aleksandar Radojevic
320,-1.4,-2.4,-1.0,79.0,2005.0,Yuta Tabuse
323,-1.6,-2.4,-0.9,61.0,2005.0,Geno Carlisle
328,-1.5,-2.4,-0.9,46.0,2005.0,Tony Bobbitt
320,-0.7,-2.4,-1.7,3447.0,2009.0,Mardy Collins
321,-1.4,-2.4,-1.1,83.0,2009.0,Walter Sharpe
315,-0.4,-2.4,-2.0,5372.0,2005.0,Predrag Drobnjak
314,-1.2,-2.4,-1.1,83.0,2005.0,Peter John Ramos
309,-0.4,-2.4,-2.0,280.0,2001.0,Todd Fuller
310,0.6,-2.4,-3.0,3952.0,2001.0,Shawn Kemp
315,-1.3,-2.4,-1.1,1100.0,2013.0,Perry Jones
288,-1.5,-2.4,-1.0,38.0,2006.0,Martynas Andriuskevicius
311,-1.5,-2.4,-0.9,229.0,2001.0,Dan McClintock
311,-1.6,-2.4,-0.8,420.0,2011.0,Garret Siler
312,-1.4,-2.4,-1.0,7.0,2011.0,Gani Lawal
314,-1.3,-2.4,-1.2,114.0,2011.0,Antoine Wright
331,-2.4,-2.4,0.1,1047.0,2012.0,Patrick Mills
338,-1.4,-2.4,-1.0,147.0,2012.0,Derrick Byars
297,-1.3,-2.4,-1.1,59.0,2004.0,Tierre Brown
298,-1.5,-2.4,-0.9,8.0,2004.0,Slavko Vranes
298,-0.1,-2.4,-2.3,980.0,2008.0,Michael Doleac
328,-1.7,-2.4,-0.7,53.0,2012.0,Ike Diogu
282,-1.3,-2.4,-1.2,405.0,2006.0,Arvydas Macijauskas
280,-1.2,-2.4,-1.2,456.0,2006.0,Aaron Miles
286,-1.5,-2.4,-1.0,394.0,2003.0,Dean Oliver
280,-1.5,-2.4,-0.9,23.0,2003.0,Chris Owens
285,-1.4,-2.4,-1.0,656.0,2006.0,Terence Morris
283,-1.3,-2.4,-1.1,524.0,2003.0,Corey Benjamin
320,-0.9,-2.4,-1.5,1669.0,2010.0,Nathan Jawai
303,-1.5,-2.4,-0.9,39.0,2008.0,Kaniel Dickens
310,-1.7,-2.4,-0.7,580.0,2008.0,Darius Washington
306,-1.4,-2.4,-1.0,279.0,2008.0,Darryl Watkins
308,-1.2,-2.4,-1.2,301.0,2008.0,Coby Karl
327,-1.3,-2.4,-1.2,296.0,2010.0,Cedric Jackson
286,-1.3,-2.3,-1.0,145.0,2004.0,Troy Bell
303,-1.5,-2.3,-0.9,830.0,2011.0,Garrett Temple
278,-1.4,-2.3,-0.9,25.0,2003.0,Donny Marshall
283,-1.3,-2.3,-1.0,22.0,2004.0,Jerome Beasley
276,-0.7,-2.3,-1.6,537.0,2006.0,Eddie Basden
275,-1.3,-2.3,-1.0,268.0,2003.0,Brandon Armstrong
274,-0.8,-2.3,-1.4,51.0,2003.0,Mark Strickland
310,-1.4,-2.3,-0.9,10.0,2005.0,Brandin Knight
294,-1.5,-2.3,-0.8,69.0,2008.0,Guillermo Diaz
296,-0.8,-2.3,-1.5,1078.0,2008.0,Kasib Powell
306,-1.3,-2.3,-1.0,26.0,2009.0,J.R. Giddens
304,0.5,-2.3,-2.8,5507.0,2009.0,Darrell Arthur
303,-1.2,-2.3,-1.1,178.0,2009.0,Eddie Gill
302,-1.1,-2.3,-1.2,371.0,2009.0,Maurice Ager
307,-1.2,-2.3,-1.1,313.0,2009.0,Dontell Jefferson
284,-1.6,-2.3,-0.7,90.0,2004.0,Ruben Boumtje-Boumtje
271,-1.6,-2.3,-0.7,292.0,2003.0,Nate Huffman
293,-1.3,-2.3,-1.0,36.0,2008.0,Keith Langford
305,-2.1,-2.3,-0.2,1857.0,2005.0,Damien Wilkins
307,-1.3,-2.3,-1.0,289.0,2005.0,Britton Johnsen
300,-2.1,-2.3,-0.2,217.0,2001.0,Sam Jacobson
291,-1.1,-2.3,-1.2,123.0,2002.0,Matt Geiger
292,-1.8,-2.3,-0.5,669.0,2002.0,Harold Jamison
301,-1.2,-2.3,-1.2,443.0,2001.0,Terry Mills
293,-0.9,-2.3,-1.3,157.0,2001.0,J.R. Reid
323,-1.2,-2.3,-1.1,169.0,2012.0,Jerry Smith
320,-0.3,-2.3,-2.0,2719.0,2012.0,Timofey Mozgov
274,-1.2,-2.3,-1.1,3578.0,2006.0,Qyntel Woods
311,-1.4,-2.3,-0.9,126.0,2010.0,Taylor Griffin
319,-1.4,-2.3,-0.9,852.0,2012.0,Luke Harangody
307,-1.4,-2.3,-0.9,17.0,2013.0,Henry Sims
305,-1.4,-2.3,-0.9,124.0,2013.0,Tyler Honeycutt
304,-1.5,-2.3,-0.8,203.0,2013.0,Kris Joseph
303,-1.4,-2.3,-0.9,868.0,2013.0,Viacheslav Kravtsov
300,-0.9,-2.3,-1.4,262.0,2013.0,Jeremy Tyler
306,-2.7,-2.3,0.4,3261.0,2013.0,Chris Copeland
317,-1.3,-2.3,-1.0,146.0,2012.0,Xavier Silas
292,-2.1,-2.3,-0.1,1720.0,2007.0,Lynn Greer
294,-1.3,-2.3,-1.0,194.0,2001.0,James Robinson
295,-1.6,-2.3,-0.6,530.0,2001.0,Chris Garner
297,0.0,-2.3,-2.3,3194.0,2001.0,Adam Keefe
304,-1.4,-2.3,-0.9,27.0,2007.0,Dajuan Wagner
300,-1.4,-2.3,-1.0,48.0,2007.0,Chris McCray
288,-1.4,-2.2,-0.8,43.0,2011.0,Dexter Pittman
287,-1.2,-2.2,-0.9,84.0,2011.0,Pape Sy
297,-1.3,-2.2,-0.9,13.0,2013.0,Justin Dentmon
284,-1.1,-2.2,-1.1,616.0,2011.0,Mustafa Shakur
294,-0.6,-2.2,-1.6,8513.0,2013.0,Kyle Singler
290,-1.4,-2.2,-0.9,123.0,2001.0,John Coker
287,-0.9,-2.2,-1.3,401.0,2001.0,Mark Bryant
283,0.2,-2.2,-2.4,2863.0,2001.0,Zan Tabak
299,-1.4,-2.2,-0.7,123.0,2010.0,Joe Alexander
302,-1.3,-2.2,-0.9,64.0,2010.0,Antonio Anderson
306,-1.3,-2.2,-1.0,23.0,2010.0,Trey Gilder
293,-1.4,-2.2,-0.8,19.0,2011.0,Orien Greene
298,-1.3,-2.2,-0.9,12.0,2009.0,Steven Hill
285,-0.6,-2.2,-1.7,1037.0,2002.0,Jason Caffey
288,-0.8,-2.2,-1.4,386.0,2002.0,Chucky Brown
288,-1.1,-2.2,-1.1,522.0,2007.0,Robert Hite
287,-1.5,-2.2,-0.8,193.0,2007.0,Dijon Thompson
286,-0.3,-2.2,-1.9,2224.0,2007.0,Junior Harrington
283,-1.3,-2.2,-0.9,395.0,2007.0,Kevinn Pinkney
281,-1.4,-2.2,-0.8,210.0,2007.0,James Lang
278,-1.2,-2.2,-0.9,77.0,2007.0,Sean Marks
288,-1.4,-2.2,-0.8,279.0,2008.0,Marcus Vinicius
271,-1.2,-2.2,-1.0,259.0,2004.0,Desmond Penigar
273,-1.2,-2.2,-0.9,45.0,2004.0,Cezary Trybanski
276,-1.0,-2.2,-1.2,158.0,2004.0,Hiram Fuller
280,-1.1,-2.2,-1.1,354.0,2002.0,Tang Hamilton
281,-2.2,-2.2,-0.0,51.0,2002.0,Mike Penberthy
285,-1.1,-2.2,-1.2,159.0,2008.0,Kosta Perovic
303,-1.3,-2.2,-0.9,63.0,2012.0,Ryan Reid
298,-1.4,-2.2,-0.9,6006.0,2005.0,Gordan Giricek
295,-1.2,-2.2,-1.0,521.0,2005.0,Alex Garcia
291,-1.4,-2.2,-0.8,106.0,2005.0,Mark Pope
288,-0.9,-2.2,-1.2,585.0,2009.0,Malik Hairston
291,-1.2,-2.2,-1.0,1010.0,2009.0,Dee BrownDee Brown
264,-1.2,-2.2,-1.0,546.0,2006.0,Chris Taft
289,-1.2,-2.2,-1.0,83.0,2009.0,Joe Crawford
263,-1.4,-2.2,-0.8,658.0,2006.0,Ha Seung-Jin
293,-1.2,-2.2,-0.9,66.0,2005.0,Maurice Baker
294,-1.3,-2.2,-0.9,1247.0,2005.0,Josh Davis
296,-1.3,-2.2,-0.9,77.0,2009.0,Jawad Williams
303,-0.2,-2.2,-2.1,473.0,2005.0,Samaki Walker
302,-1.0,-2.2,-1.3,312.0,2005.0,Horace Jenkins
276,-1.5,-2.1,-0.6,304.0,2008.0,Taurean Green
302,-1.4,-2.1,-0.8,2516.0,2012.0,Jannero Pargo
269,-1.3,-2.1,-0.9,768.0,2004.0,Chris Jefferies
264,-1.1,-2.1,-1.1,132.0,2004.0,Dan Langhi
290,-1.0,-2.1,-1.1,33.0,2010.0,Paul Davis
299,-1.4,-2.1,-0.8,442.0,2012.0,Jerome Jordan
295,-1.3,-2.1,-0.8,157.0,2012.0,Andre Emmett
255,-0.2,-2.1,-1.9,407.0,2003.0,Chris Childs
290,-1.2,-2.1,-0.9,342.0,2012.0,Mychel Thompson
289,-1.2,-2.1,-0.9,439.0,2012.0,Carldell Johnson
288,-2.1,-2.1,0.0,2655.0,2012.0,Gary Forbes
294,-0.7,-2.1,-1.4,876.0,2010.0,Chris Richard
301,-1.0,-2.1,-1.1,741.0,2012.0,Chris WrightChris Wright
297,-1.6,-2.1,-0.5,371.0,2010.0,Roko Ukic
261,-1.5,-2.1,-0.6,141.0,2003.0,Chris Crawford
276,-1.3,-2.1,-0.8,389.0,2002.0,Leon Smith
258,-1.3,-2.1,-0.8,2070.0,2004.0,Mitchell Butler
256,-1.4,-2.1,-0.7,784.0,2006.0,Mario Kasun
273,-0.7,-2.1,-1.4,797.0,2007.0,Cedric Bozeman
281,-1.7,-2.1,-0.4,31.0,2009.0,Marcus WilliamsMarcus Williams
259,-1.2,-2.1,-0.9,100.0,2004.0,Desmond Ferguson
288,-1.5,-2.1,-0.7,216.0,2005.0,Tamar Slay
286,-1.8,-2.1,-0.4,430.0,2005.0,Justin Reed
285,-1.5,-2.1,-0.6,448.0,2005.0,Michael Bradley
276,-1.5,-2.1,-0.6,960.0,2005.0,Pape Sow
270,-1.1,-2.1,-1.0,580.0,2002.0,Sam Mack
269,-1.2,-2.1,-0.9,496.0,2002.0,Rodney White
262,-0.0,-2.1,-2.0,3607.0,2002.0,Art Long
291,-1.2,-2.1,-1.0,358.0,2013.0,Tornike Shengelia
292,-1.7,-2.1,-0.5,4684.0,2013.0,Quincy Pondexter
276,-2.2,-2.1,0.0,1974.0,2001.0,Elliot Perry
273,-1.5,-2.1,-0.6,272.0,2001.0,Michael Hawkins
271,-1.1,-2.1,-1.0,124.0,2001.0,Tom Hammonds
267,-0.8,-2.1,-1.3,878.0,2001.0,Cory Alexander
277,1.0,-2.1,-3.1,3087.0,2002.0,Kevin Willis
284,-1.5,-2.1,-0.5,6179.0,2013.0,Wayne Ellington
287,-1.6,-2.1,-0.5,6998.0,2013.0,Alexey Shved
242,0.3,-2.0,-2.3,605.0,2006.0,Jackson Vroman
244,-1.2,-2.0,-0.8,66.0,2006.0,Pavel Podkolzin
250,-1.3,-2.0,-0.7,442.0,2006.0,Awvee Storey
248,-0.9,-2.0,-1.1,437.0,2006.0,John Thomas
286,-0.7,-2.0,-1.3,2035.0,2010.0,Derrick Brown
283,0.1,-2.0,-2.1,4095.0,2012.0,Jan Vesely
280,-1.1,-2.0,-0.9,147.0,2012.0,Darington Hobson
278,-1.3,-2.0,-0.7,464.0,2012.0,Solomon Alabi
277,-1.3,-2.0,-0.6,542.0,2012.0,Vernon Macklin
276,-1.1,-2.0,-0.9,227.0,2012.0,Trey Johnson
273,-2.1,-2.0,0.1,6022.0,2009.0,Jose Barea
275,-1.1,-2.0,-1.0,77.0,2009.0,Blake Ahearn
276,-1.7,-2.0,-0.3,2149.0,2009.0,Chris Douglas-Roberts
269,-0.7,-2.0,-1.3,2841.0,2011.0,Marreese Speights
285,-1.2,-2.0,-0.8,150.0,2012.0,Jeff Foote
286,-1.3,-2.0,-0.8,2174.0,2012.0,Jon Leuer
287,-1.2,-2.0,-0.8,31.0,2012.0,Keith Benson
280,-0.8,-2.0,-1.2,593.0,2013.0,Aron Baynes
279,-1.2,-2.0,-0.8,540.0,2013.0,Justin Holiday
278,-1.1,-2.0,-0.9,6524.0,2013.0,Bradley Beal
276,-0.3,-2.0,-1.6,10887.0,2013.0,Evan Turner
259,-2.6,-2.0,0.6,6093.0,2007.0,Sasha Pavlovic
261,-1.2,-2.0,-0.8,266.0,2007.0,Julius Hodge
267,-0.3,-2.0,-1.7,1084.0,2007.0,Andre Brown
269,-0.3,-2.0,-1.7,323.0,2007.0,Esteban Batista
267,-1.2,-2.0,-0.8,578.0,2008.0,James Augustine
287,-1.3,-2.0,-0.7,439.0,2010.0,Marcus Landry
266,-1.5,-2.0,-0.6,7200.0,2001.0,LaPhonso Ellis
247,-1.1,-2.0,-0.9,381.0,2004.0,Maurice Carter
264,-1.1,-2.0,-0.9,218.0,2001.0,Jamel Thomas
273,-1.0,-2.0,-1.0,483.0,2005.0,Ansu Sesay
262,-1.2,-2.0,-0.8,280.0,2005.0,Luis Flores
272,-1.2,-2.0,-0.9,365.0,2005.0,Marcus Haislip
258,-1.1,-2.0,-0.9,919.0,2002.0,Shawnelle Scott
259,-1.5,-2.0,-0.5,638.0,2002.0,Isaiah Rider
270,-1.4,-2.0,-0.7,445.0,2005.0,Mark Jones
260,-1.4,-2.0,-0.6,851.0,2001.0,Soumaila Samake
261,-1.3,-2.0,-0.6,6172.0,2001.0,Chris Gatling
244,-1.1,-2.0,-0.8,251.0,2004.0,Shane Heal
259,-1.3,-1.9,-0.6,5548.0,2005.0,Milt Palacio
254,-1.7,-1.9,-0.2,18.0,2002.0,Vinny Del Negro
253,-0.6,-1.9,-1.2,280.0,2002.0,Cedric Henderson
270,0.4,-1.9,-2.3,1568.0,2013.0,Cole Aldrich
269,-1.5,-1.9,-0.4,1250.0,2013.0,Kevin Jones
263,-1.2,-1.9,-0.7,55.0,2009.0,Courtney Sims
252,-1.2,-1.9,-0.6,43.0,2005.0,Kirk Penney
268,-0.9,-1.9,-0.9,1695.0,2012.0,Manny Harris
274,-1.2,-1.9,-0.7,12.0,2012.0,Hamady N'Diaye
258,-1.1,-1.9,-0.8,309.0,2001.0,Ruben Garces
255,-1.4,-1.9,-0.5,130.0,2001.0,Muggsy Bogues
254,-0.8,-1.9,-1.1,7099.0,2001.0,Vitaly Potapenko
253,-1.2,-1.9,-0.7,21.0,2001.0,Lari Ketner
252,-3.0,-1.9,1.1,7493.0,2001.0,George McCloud
251,-1.1,-1.9,-0.8,157.0,2001.0,Pervis Ellison
249,-1.7,-1.9,-0.2,2653.0,2001.0,Lawrence Funderburke
248,-1.9,-1.9,0.0,122.0,2001.0,Brent Price
267,-1.4,-1.9,-0.5,2966.0,2012.0,Gerald Green
238,-0.4,-1.9,-1.4,905.0,2004.0,Robert Archibald
242,-1.1,-1.9,-0.9,315.0,2004.0,Paul Shirley
256,-0.7,-1.9,-1.2,812.0,2008.0,Dahntay Jones
261,-1.7,-1.9,-0.2,1810.0,2005.0,Zarko Cabarkapa
255,-1.1,-1.9,-0.8,123.0,2007.0,Renaldo Major
253,-1.2,-1.9,-0.7,137.0,2007.0,Desmon Farmer
251,-1.5,-1.9,-0.4,1001.0,2003.0,Chris Mills
250,-0.5,-1.9,-1.4,305.0,2003.0,Dalibor Bagaric
248,-1.8,-1.9,-0.1,395.0,2003.0,Oscar Torres
245,-1.6,-1.9,-0.3,3002.0,2003.0,Marcus Fizer
242,-0.7,-1.9,-1.2,5210.0,2003.0,Vincent Yarbrough
238,-1.0,-1.9,-0.9,2423.0,2006.0,Bernard Robinson
235,0.5,-1.9,-2.4,5471.0,2006.0,Quinton Ross
275,-1.5,-1.9,-0.4,215.0,2010.0,Kareem Rush
245,-0.8,-1.8,-1.0,1063.0,2008.0,Stephane Lasme
244,-2.3,-1.8,0.5,6669.0,2008.0,Maurice Evans
260,-0.3,-1.8,-1.6,7349.0,2013.0,Derrick Williams
261,-1.2,-1.8,-0.6,26.0,2013.0,DaJuan Summers
231,-1.1,-1.8,-0.8,534.0,2004.0,Torraye Braggs
224,-1.5,-1.8,-0.3,2563.0,2004.0,Frank Williams
254,-0.3,-1.8,-1.5,6619.0,2012.0,Iman Shumpert
256,-0.5,-1.8,-1.3,658.0,2012.0,Jerome Dyson
257,-1.0,-1.8,-0.8,2883.0,2012.0,Shelvin Mack
242,-1.5,-1.8,-0.3,830.0,2005.0,Brandon Hunter
263,-0.7,-1.8,-1.1,3458.0,2010.0,David Andersen
259,1.0,-1.8,-2.8,4210.0,2013.0,Draymond Green
244,-1.1,-1.8,-0.7,773.0,2009.0,Alex Acker
241,-1.0,-1.8,-0.8,543.0,2001.0,Calbert Cheaney
243,-1.2,-1.8,-0.7,4638.0,2001.0,Avery Johnson
244,2.2,-1.8,-4.0,2293.0,2001.0,Chris Dudley
246,0.3,-1.8,-2.2,3847.0,2001.0,Cherokee Parks
247,0.3,-1.8,-2.2,936.0,2001.0,Jerome Kersey
222,-0.8,-1.8,-0.9,670.0,2006.0,Charles Smith
246,-1.4,-1.8,-0.4,126.0,2007.0,Andre Barrett
250,0.2,-1.8,-2.1,2423.0,2007.0,Hilton Armstrong
248,-0.1,-1.8,-1.6,6842.0,2009.0,Jarvis Hayes
233,-0.1,-1.8,-1.6,6011.0,2001.0,Felipe Lopez
236,0.3,-1.8,-2.1,905.0,2001.0,Travis Knight
256,-1.1,-1.8,-0.7,56.0,2009.0,Demetris Nichols
253,-2.0,-1.8,0.2,9132.0,2009.0,Roger Mason
250,-0.5,-1.8,-1.3,886.0,2009.0,Maceo Baston
249,-0.6,-1.8,-1.1,1145.0,2009.0,Pops Mensah-Bonsu
238,-1.2,-1.8,-0.6,137.0,2003.0,Antonio Harvey
247,-1.2,-1.8,-0.5,2773.0,2002.0,Stanislav Medvedenko
237,-2.0,-1.8,0.2,31.0,2003.0,A.J. Guyton
249,-1.6,-1.8,-0.2,2307.0,2011.0,Daequan Cook
247,-0.9,-1.8,-0.9,8383.0,2011.0,Wesley Johnson
227,-0.5,-1.8,-1.3,1143.0,2006.0,Lonny Baxter
225,-1.3,-1.8,-0.5,573.0,2006.0,James Thomas
251,-1.7,-1.7,0.0,873.0,2010.0,Earl Barron
234,-0.8,-1.7,-0.9,847.0,2008.0,Luke Jackson
245,0.3,-1.7,-2.0,623.0,2012.0,Damion James
230,-1.8,-1.7,0.1,4891.0,2001.0,Robert Pack
227,0.4,-1.7,-2.0,3117.0,2001.0,Billy Owens
249,-1.2,-1.7,-0.5,253.0,2012.0,Morris Almond
254,-2.4,-1.7,0.7,2807.0,2010.0,Rodrigue Beaubois
219,0.6,-1.7,-2.3,3888.0,2004.0,Corie Blount
228,-1.1,-1.7,-0.6,378.0,2003.0,Jeff Trepagnier
256,-0.5,-1.7,-1.2,1098.0,2013.0,Malcolm Lee
249,-2.8,-1.7,1.1,6610.0,2013.0,Dion Waiters
248,1.0,-1.7,-2.6,4363.0,2013.0,Festus Ezeli
241,-0.6,-1.7,-1.1,566.0,2011.0,Larry Owens
237,-1.0,-1.7,-0.6,60.0,2011.0,Mike Harris
243,-0.0,-1.7,-1.7,6867.0,2009.0,Marquis Daniels
242,-1.2,-1.7,-0.5,124.0,2009.0,Mouhamed Sene
224,-0.7,-1.7,-1.0,941.0,2003.0,Randy Brown
238,-0.7,-1.7,-1.0,389.0,2008.0,Tarence Kinsey
217,-1.2,-1.7,-0.5,489.0,2004.0,Mike Wilks
214,-1.2,-1.7,-0.5,965.0,2004.0,Jonathan Bender
221,-1.0,-1.7,-0.8,8252.0,2004.0,Jiri Welsch
239,-0.3,-1.7,-1.5,4075.0,2005.0,Brian Scalabrine
231,-1.4,-1.7,-0.3,438.0,2001.0,Jaren Jackson
232,-2.8,-1.7,1.1,1940.0,2005.0,Anthony Goldwire
234,-1.3,-1.7,-0.4,197.0,2005.0,Ndudi Ebi
235,-1.6,-1.7,-0.1,1054.0,2005.0,Ben Handlogten
237,-1.2,-1.7,-0.5,288.0,2005.0,Omar Cook
223,-0.3,-1.6,-1.3,9437.0,2001.0,Bryant Stith
223,-1.4,-1.6,-0.2,231.0,2005.0,Mateen Cleaves
216,-1.0,-1.6,-0.6,32.0,2001.0,David Wingate
218,-1.3,-1.6,-0.3,306.0,2001.0,Don MacLean
219,0.7,-1.6,-2.3,3552.0,2001.0,Derrick McKey
220,-1.3,-1.6,-0.3,1580.0,2001.0,David Vanterpool
222,-1.8,-1.6,0.2,1287.0,2001.0,Todd Day
217,-0.0,-1.6,-1.5,4648.0,2001.0,Danny Manning
233,-3.3,-1.6,1.7,10365.0,2011.0,D.J. Augustin
232,-2.7,-1.6,1.1,2880.0,2009.0,Will Bynum
229,-0.8,-1.6,-0.8,350.0,2009.0,Othello Hunter
227,-0.8,-1.6,-0.8,325.0,2009.0,Cheikh Samb
231,-0.9,-1.6,-0.7,511.0,2011.0,Willie Warren
229,-0.5,-1.6,-1.0,9552.0,2011.0,Michael Beasley
242,0.6,-1.6,-2.1,6283.0,2010.0,Yi Jianlian
249,-0.9,-1.6,-0.7,520.0,2010.0,Randolph Morris
216,-0.8,-1.6,-0.8,797.0,2003.0,Tariq Abdul-Wahad
223,-1.1,-1.6,-0.5,75.0,2008.0,Ronald Dupree
222,-1.1,-1.6,-0.5,538.0,2008.0,Stephen Graham
238,-0.8,-1.6,-0.8,346.0,2002.0,Bruno Sundov
237,-0.9,-1.6,-0.7,316.0,2002.0,Michael Stewart
236,-0.2,-1.6,-1.4,723.0,2002.0,Dean Garrett
232,-0.9,-1.6,-0.6,817.0,2002.0,Erick Barkley
209,0.0,-1.6,-1.7,11203.0,2004.0,Jim Jackson
233,-1.2,-1.6,-0.5,500.0,2007.0,Patrick O'Bryant
230,-0.9,-1.6,-0.7,1520.0,2013.0,Jeff Pendergraph
231,-1.5,-1.6,-0.1,1266.0,2013.0,Dominique Jones
234,-1.6,-1.6,-0.0,7006.0,2013.0,Patrick Patterson
235,-0.4,-1.6,-1.2,8757.0,2013.0,Brandon Knight
236,-0.0,-1.6,-1.6,756.0,2013.0,Samardo Samuels
237,-2.0,-1.6,0.4,4263.0,2013.0,Alec Burks
239,-1.1,-1.6,-0.5,379.0,2013.0,Chris JohnsonChris Johnson
240,-0.5,-1.6,-1.1,2496.0,2013.0,Austin Daye
213,0.7,-1.6,-2.3,3545.0,2006.0,Robert Swift
241,-0.6,-1.6,-1.0,2645.0,2010.0,Dante Cunningham
229,-0.3,-1.6,-1.3,610.0,2007.0,Matt Freije
223,-1.4,-1.6,-0.2,3742.0,2007.0,Walter Herrmann
214,-3.3,-1.5,1.7,9896.0,2003.0,Troy Hudson
215,-2.3,-1.5,0.9,6388.0,2011.0,Reggie Williams
200,-1.0,-1.5,-0.6,2032.0,2004.0,Jason Collier
227,-0.4,-1.5,-1.1,7310.0,2013.0,P.J. Tucker
215,0.5,-1.5,-2.0,1054.0,2001.0,Luc Longley
214,-1.2,-1.5,-0.3,66.0,2001.0,Gary Grant
213,0.4,-1.5,-1.9,4490.0,2001.0,Sean Elliott
209,-0.2,-1.5,-1.3,7857.0,2001.0,Vin Baker
219,-0.3,-1.5,-1.1,483.0,2012.0,Armon Johnson
226,-1.0,-1.5,-0.5,180.0,2002.0,Steve Goodrich
229,-1.0,-1.5,-0.5,107.0,2002.0,Ira Bowman
231,-1.0,-1.5,-0.5,146.0,2002.0,Tim James
228,-0.1,-1.5,-1.4,4774.0,2002.0,Ira Newble
225,0.3,-1.5,-1.8,3105.0,2012.0,Donte Greene
223,2.2,-1.5,-3.7,1212.0,2011.0,Didier Ilunga-Mbenga
218,-1.2,-1.5,-0.3,1151.0,2009.0,Alando Tucker
229,0.9,-1.5,-2.4,4329.0,2012.0,Dominic McGuire
226,1.9,-1.5,-3.4,5498.0,2012.0,Chris Singleton
213,-0.4,-1.5,-1.1,411.0,2008.0,Viktor Khryapa
222,-0.5,-1.5,-1.0,2606.0,2005.0,Anthony Carter
236,-1.5,-1.5,0.0,930.0,2010.0,Acie Law
233,-1.1,-1.5,-0.3,402.0,2010.0,D.J. White
220,-1.0,-1.5,-0.5,590.0,2005.0,Damone Brown
210,0.1,-1.5,-1.5,6104.0,2008.0,Fabricio Oberto
214,-0.6,-1.5,-0.9,996.0,2008.0,Nick Fazekas
239,-0.4,-1.5,-1.1,1800.0,2010.0,Oleksiy Pecherov
199,-1.1,-1.5,-0.4,422.0,2006.0,Anthony Grundy
201,-1.4,-1.5,-0.1,488.0,2006.0,Donta Smith
230,-0.2,-1.4,-1.2,3294.0,2010.0,Rodney Carney
224,-1.8,-1.4,0.4,4395.0,2010.0,Marco Belinelli
216,0.1,-1.4,-1.5,5118.0,2012.0,Avery Bradley
202,1.3,-1.4,-2.7,5568.0,2001.0,Grant Long
204,-2.0,-1.4,0.6,3082.0,2001.0,Greg Anthony
218,-1.8,-1.4,0.4,5308.0,2002.0,Tyronn Lue
198,-1.3,-1.4,-0.1,65.0,2001.0,Etdrick Bohannon
213,0.3,-1.4,-1.8,463.0,2009.0,Mark Madsen
209,-0.8,-1.4,-0.6,5211.0,2011.0,Shawne Williams
198,-0.8,-1.4,-0.6,914.0,2003.0,Igor Rakocevic
206,-1.1,-1.4,-0.3,1072.0,2003.0,Monty Williams
197,-1.2,-1.4,-0.2,5662.0,2006.0,Sarunas Jasikevicius
207,2.7,-1.4,-4.2,5957.0,2001.0,Olden Polynice
206,0.7,-1.4,-2.2,4393.0,2001.0,Tom Gugliotta
194,2.2,-1.4,-3.6,5806.0,2006.0,Francisco Elson
219,0.4,-1.4,-1.8,8682.0,2013.0,J.J. Hickson
208,0.6,-1.4,-2.0,2842.0,2007.0,Linton Johnson
205,-0.9,-1.4,-0.5,482.0,2008.0,Justin Williams
210,-2.2,-1.3,0.9,9054.0,2013.0,Darren Collison
209,-3.6,-1.3,2.4,9155.0,2013.0,J.J. Redick
208,-1.2,-1.3,-0.0,100.0,2013.0,Julyan Stone
216,-1.0,-1.3,-0.3,262.0,2002.0,Dee Brown
186,-2.8,-1.3,1.4,8676.0,2004.0,Jeff McInnis
188,-1.1,-1.3,-0.2,3545.0,2004.0,Kedrick Brown
189,0.4,-1.3,-1.7,2602.0,2004.0,Daniel Santiago
201,-3.3,-1.3,2.0,4958.0,2008.0,Sasha Vujacic
217,-1.1,-1.3,-0.3,199.0,2013.0,Malcolm Thomas
195,-1.4,-1.3,0.2,6675.0,2008.0,Jordan Farmar
202,-1.1,-1.3,-0.3,2944.0,2008.0,Kirk Snyder
214,0.2,-1.3,-1.5,8311.0,2013.0,Harrison Barnes
215,-0.3,-1.3,-1.0,11080.0,2013.0,DeMar DeRozan
214,-0.4,-1.3,-0.9,1094.0,2002.0,Derrick Dial
209,-1.5,-1.3,0.2,42.0,2002.0,Larry Robinson
212,0.5,-1.3,-1.7,5478.0,2013.0,Jonas Valanciunas
204,-0.2,-1.3,-1.1,383.0,2009.0,Thomas Gardner
193,-1.1,-1.3,-0.2,301.0,2003.0,Bryce Drew
193,-0.9,-1.3,-0.4,439.0,2011.0,Mario West
209,-0.5,-1.3,-0.8,9788.0,2009.0,Kelenna Azubuike
216,-0.8,-1.3,-0.5,3250.0,2010.0,Chris Hunter
200,-0.9,-1.3,-0.5,7544.0,2005.0,Marc Jackson
209,-0.8,-1.3,-0.6,428.0,2012.0,Hassan Whiteside
206,-0.6,-1.3,-0.7,1309.0,2012.0,Ben Uzoh
205,-1.3,-1.3,0.0,1014.0,2012.0,Jordan Hamilton
204,0.5,-1.3,-1.7,4711.0,2012.0,Markieff Morris
194,-1.5,-1.3,0.2,9954.0,2001.0,Michael Dickerson
191,1.8,-1.3,-3.0,6946.0,2001.0,Bryant Reeves
190,-1.8,-1.2,0.6,4726.0,2006.0,Charlie Bell
183,0.9,-1.2,-2.1,3454.0,2001.0,Kendall Gill
184,0.5,-1.2,-1.7,217.0,2001.0,Will Perdue
185,-0.5,-1.2,-0.7,5144.0,2001.0,Matt Maloney
186,-2.3,-1.2,1.1,8763.0,2001.0,Voshon Lenard
187,-1.6,-1.2,0.4,7664.0,2001.0,Glen Rice
207,-0.6,-1.2,-0.6,2447.0,2013.0,Kyle O'Quinn
204,0.2,-1.2,-1.4,1799.0,2013.0,Bernard James
181,-0.9,-1.2,-0.3,1720.0,2004.0,Zendon Hamilton
180,-0.9,-1.2,-0.3,503.0,2004.0,Jamison Brewer
192,-0.6,-1.2,-0.5,551.0,2002.0,Obinna Ekezie
196,-0.4,-1.2,-0.8,11282.0,2009.0,Jeff Green
199,-1.5,-1.2,0.3,4697.0,2009.0,Von Wafer
198,1.0,-1.2,-2.2,8638.0,2007.0,Rasual Butler
192,-1.1,-1.2,-0.1,5286.0,2007.0,Alan Anderson
199,0.5,-1.2,-1.6,2279.0,2012.0,Lavoy Allen
201,-0.9,-1.2,-0.3,975.0,2012.0,Jason Kapono
187,-0.8,-1.1,-0.2,748.0,2002.0,Jabari Smith
190,-0.1,-1.1,-1.0,4334.0,2002.0,Zeljko Rebraca
174,-1.2,-1.1,0.1,4287.0,2003.0,Casey Jacobsen
196,-2.4,-1.1,1.3,7073.0,2012.0,Marcus Thornton
172,-0.3,-1.1,-0.8,5222.0,2004.0,Anthony Peeler
189,-1.0,-1.1,-0.1,6487.0,2007.0,Devin Brown
200,0.2,-1.1,-1.3,3261.0,2013.0,Jared Sullinger
187,-0.6,-1.1,-0.5,472.0,2007.0,Luke Schenscher
179,-1.0,-1.1,-0.2,1413.0,2001.0,Cal Bowdler
174,-0.4,-1.1,-0.6,561.0,2001.0,Jamie Feick
183,-0.6,-1.1,-0.5,2552.0,2011.0,Jon Brockman
180,-2.9,-1.1,1.8,4552.0,2001.0,Shammond Williams
189,-0.6,-1.1,-0.5,7663.0,2009.0,Hakim Warrick
183,-0.3,-1.1,-0.8,4610.0,2009.0,Kyle Weaver
175,-0.6,-1.1,-0.5,40.0,2001.0,Anthony Miller
202,-1.8,-1.1,0.7,4191.0,2010.0,Sergio Rodriguez
182,0.8,-1.0,-1.8,1339.0,2011.0,Alexis Ajinca
168,-0.8,-1.0,-0.2,5234.0,2004.0,Fred Jones
170,-0.9,-1.0,-0.1,232.0,2004.0,Sean Lampley
181,-1.4,-1.0,0.3,8003.0,2009.0,Sebastian Telfair
193,0.8,-1.0,-1.8,4464.0,2012.0,Kevin Seraphin
192,-1.4,-1.0,0.4,1243.0,2012.0,Lester Hudson
170,-1.5,-1.0,0.5,8315.0,2003.0,Howard Eisley
171,-2.8,-1.0,1.8,11631.0,2003.0,Allan Houston
172,-0.7,-1.0,-0.3,7045.0,2003.0,Dion Glover
173,1.8,-1.0,-2.9,4257.0,2001.0,Jelani McCoy
172,-0.2,-1.0,-0.8,8908.0,2001.0,Shandon Anderson
171,-0.7,-1.0,-0.3,396.0,2001.0,Felton Spencer
169,-1.9,-1.0,0.9,10826.0,2001.0,Glenn Robinson
179,-1.4,-1.0,0.4,5558.0,2009.0,Eddie House
179,-1.6,-1.0,0.6,9083.0,2002.0,Pat Garrity
182,-2.3,-1.0,1.3,2902.0,2009.0,Travis Diener
180,-1.2,-1.0,0.2,1830.0,2002.0,Trajan Langdon
184,-2.2,-1.0,1.2,2943.0,2002.0,John Crotty
183,0.3,-1.0,-1.3,4461.0,2002.0,Darvin Ham
173,0.1,-1.0,-1.1,4232.0,2005.0,Marcus Banks
184,-0.9,-1.0,-0.1,5187.0,2008.0,Luther Head
184,0.9,-1.0,-1.9,898.0,2010.0,Sean Williams
187,-1.0,-1.0,0.0,3531.0,2010.0,A.J. Price
195,-2.0,-1.0,1.0,5076.0,2013.0,Toney Douglas
190,1.2,-1.0,-2.2,4089.0,2013.0,Ivan Johnson
175,-0.8,-1.0,-0.2,3639.0,2005.0,Jason Hart
181,-0.2,-1.0,-0.8,4454.0,2005.0,Primoz Brezec
180,-1.5,-1.0,0.5,7737.0,2008.0,Rashad McCants
178,-1.4,-1.0,0.5,7832.0,2008.0,Linas Kleiza
166,-0.6,-0.9,-0.4,7049.0,2005.0,Rick Brunson
181,-0.8,-0.9,-0.1,4422.0,2013.0,Greg Smith
165,0.8,-0.9,-1.7,626.0,2005.0,Jamal Sampson
185,-1.0,-0.9,0.2,8151.0,2012.0,Arron Afflalo
173,-0.8,-0.9,-0.1,5997.0,2009.0,Brandon Bass
177,-0.9,-0.9,-0.0,1765.0,2011.0,Jeremy Evans
179,-1.4,-0.9,0.4,7961.0,2011.0,Jodie Meeks
172,-1.5,-0.9,0.6,2691.0,2006.0,Matt Carroll
162,-0.1,-0.9,-0.8,7273.0,2003.0,Walter McCarty
163,3.1,-0.9,-4.0,7890.0,2001.0,Patrick Ewing
161,-0.3,-0.9,-0.6,2475.0,2001.0,Hersey Hawkins
160,1.0,-0.9,-1.9,5667.0,2001.0,Mario Elie
159,2.1,-0.9,-3.0,5037.0,2001.0,A.C. Green
157,-1.2,-0.9,0.3,2357.0,2001.0,Laron Profit
163,1.4,-0.9,-2.3,2362.0,2003.0,Jerome Moiso
180,-1.5,-0.9,0.6,6179.0,2007.0,Bostjan Nachbar
182,-0.4,-0.9,-0.5,8626.0,2013.0,Lance Stephenson
186,-0.9,-0.9,-0.0,8049.0,2013.0,Gerald Henderson
187,-0.9,-0.9,-0.0,1771.0,2013.0,Jordan Hill
188,-0.4,-0.9,-0.5,5480.0,2013.0,Shaun Livingston
178,-0.2,-0.9,-0.8,660.0,2002.0,Lavor Postell
177,-1.1,-0.9,0.2,2362.0,2002.0,Brian Shaw
160,-2.9,-0.9,2.0,7160.0,2004.0,Carlos Arroyo
159,1.0,-0.9,-1.9,6135.0,2004.0,Jake Voskuhl
173,0.0,-0.9,-1.0,1782.0,2008.0,Dwayne Jones
182,0.9,-0.9,-1.8,1497.0,2007.0,James Singleton
153,0.4,-0.8,-1.2,3630.0,2001.0,Sam Perkins
150,-0.2,-0.8,-0.6,1461.0,2001.0,Chris Mullin
161,-1.3,-0.8,0.4,9654.0,2008.0,DeShawn Stevenson
169,-1.9,-0.8,1.1,9581.0,2009.0,Randy Foye
160,0.1,-0.8,-0.9,6456.0,2006.0,Greg Buckner
162,1.3,-0.8,-2.1,4438.0,2006.0,Mike Sweetney
164,0.5,-0.8,-1.4,4475.0,2006.0,Adrian Griffin
162,-0.4,-0.8,-0.5,2236.0,2008.0,Ronnie Price
155,-0.0,-0.8,-0.8,4279.0,2001.0,Ron Harper
175,-2.5,-0.8,1.7,11451.0,2010.0,Aaron Brooks
167,1.1,-0.8,-1.9,5764.0,2002.0,Aaron Williams
171,-1.1,-0.8,0.3,4572.0,2011.0,Eric Maynor
183,-2.8,-0.8,2.0,2623.0,2012.0,Jerryd Bayless
164,-1.6,-0.8,0.9,8714.0,2011.0,Luke Ridnour
165,-1.4,-0.8,0.6,2102.0,2011.0,Cartier Martin
168,-1.1,-0.8,0.3,7237.0,2011.0,Daniel Gibson
146,-1.5,-0.7,0.8,4421.0,2001.0,Eddie Robinson
145,-0.3,-0.7,-0.5,652.0,2001.0,Nick Anderson
171,0.2,-0.7,-0.8,5121.0,2013.0,Tyler Hansbrough
170,3.4,-0.7,-4.1,4631.0,2013.0,Greg Stiemsma
147,1.7,-0.7,-2.4,2884.0,2001.0,Don Reid
143,1.0,-0.7,-1.7,8699.0,2001.0,Tyrone Hill
176,-0.1,-0.7,-0.6,3240.0,2013.0,John Henson
160,-1.5,-0.7,0.9,5543.0,2002.0,Tony Delk
161,1.4,-0.7,-2.1,4069.0,2002.0,Brian Skinner
178,-0.9,-0.7,0.2,6646.0,2012.0,Brandon Rush
177,-0.7,-0.7,-0.1,6695.0,2012.0,Courtney Lee
175,-1.8,-0.7,1.1,3810.0,2012.0,Andrea Bargnani
153,-0.1,-0.7,-0.6,8614.0,2008.0,Keith Bogans
151,-0.4,-0.7,-0.4,8095.0,2008.0,Travis Outlaw
156,-3.3,-0.7,2.6,5052.0,2003.0,Earl Boykins
173,0.8,-0.7,-1.5,6923.0,2012.0,Alonzo Gee
155,-2.0,-0.7,1.2,4916.0,2008.0,Chris Quinn
161,-1.8,-0.6,1.2,8420.0,2010.0,Anthony Morrow
149,-0.6,-0.6,0.0,1901.0,2005.0,Raul Lopez
156,-1.0,-0.6,0.4,12021.0,2007.0,Raja Bell
155,0.4,-0.6,-1.0,3060.0,2007.0,Alexander Johnson
163,-0.3,-0.6,-0.3,12037.0,2007.0,Ricky Davis
154,0.3,-0.6,-0.9,1642.0,2007.0,Alan Henderson
152,-1.1,-0.6,0.5,562.0,2003.0,Reggie Slater
151,-0.8,-0.6,0.2,6724.0,2005.0,Jumaine Jones
167,0.1,-0.6,-0.7,7692.0,2010.0,Omri Casspi
140,-1.3,-0.6,0.7,4683.0,2001.0,Mitch Richmond
165,1.8,-0.6,-2.4,5845.0,2012.0,James Johnson
133,-0.3,-0.6,-0.2,154.0,2001.0,Scott Burrell
134,1.1,-0.6,-1.7,738.0,2001.0,Jim McIlvaine
138,0.2,-0.6,-0.8,11477.0,2001.0,Juwan Howard
139,-0.5,-0.6,-0.2,4817.0,2001.0,Emanual Davis
141,-1.3,-0.6,0.6,7441.0,2001.0,Lindsey Hunter
155,-2.1,-0.6,1.6,7942.0,2002.0,Chris Whitney
154,-0.4,-0.6,-0.2,800.0,2002.0,Olumide Oyedeji
157,0.1,-0.6,-0.8,5393.0,2002.0,Tyrone Nesby
168,0.3,-0.6,-1.0,4092.0,2013.0,Enes Kanter
170,-1.6,-0.6,1.0,3939.0,2012.0,Steve Novak
169,-0.5,-0.6,-0.2,11739.0,2013.0,Klay Thompson
156,-2.1,-0.5,1.6,8802.0,2010.0,Jarrett Jack
143,-0.5,-0.5,0.0,8238.0,2008.0,Francisco Garcia
142,-1.1,-0.5,0.6,9326.0,2008.0,Ryan Gomes
152,0.7,-0.5,-1.2,4762.0,2002.0,Stacey Augmon
151,3.4,-0.5,-3.9,9431.0,2002.0,Michael Olowokandi
141,0.2,-0.5,-0.7,2339.0,2006.0,Melvin Ely
139,0.7,-0.5,-1.2,8648.0,2006.0,Nenad Krstic
142,1.8,-0.5,-2.3,1153.0,2006.0,Loren Woods
154,-1.4,-0.5,0.9,8212.0,2009.0,Charlie Villanueva
130,1.0,-0.5,-1.5,11595.0,2001.0,Anthony Mason
151,0.3,-0.5,-0.9,11081.0,2007.0,Eddy Curry
152,-1.4,-0.5,0.9,1715.0,2007.0,Dan Dickau
158,0.8,-0.5,-1.3,3479.0,2012.0,Jason Smith
161,-0.8,-0.5,0.3,11120.0,2013.0,O.J. Mayo
144,-0.1,-0.4,-0.3,2151.0,2003.0,Tremaine Fowlkes
140,-0.9,-0.4,0.6,4621.0,2005.0,DerMarr Johnson
153,-0.0,-0.4,-0.4,4977.0,2013.0,Tobias Harris
152,1.4,-0.4,-1.8,9581.0,2013.0,Nikola Vucevic
147,-0.9,-0.4,0.5,5745.0,2002.0,Lucious Harris
140,0.5,-0.4,-0.8,719.0,2007.0,Shavlik Randolph
142,-0.6,-0.4,0.2,8147.0,2007.0,Luke Walton
155,0.3,-0.4,-0.8,7555.0,2013.0,Michael Kidd-Gilchrist
152,1.9,-0.4,-2.3,5119.0,2012.0,Joel Anthony
153,0.3,-0.4,-0.7,5146.0,2012.0,Corey Brewer
154,-1.6,-0.4,1.1,2630.0,2012.0,John Lucas
132,3.3,-0.4,-3.7,5700.0,2006.0,Lorenzen Wright
148,-0.5,-0.4,0.1,3131.0,2011.0,Bill Walker
140,-0.6,-0.4,0.3,2887.0,2002.0,Danny Ferry
141,-0.8,-0.4,0.4,607.0,2002.0,Keyon Dooling
138,-0.1,-0.3,-0.2,790.0,2007.0,Bracey Wright
137,2.0,-0.3,-2.3,7563.0,2007.0,Jorge Garbajosa
140,-1.0,-0.3,0.7,11454.0,2004.0,Latrell Sprewell
135,-0.5,-0.3,0.2,6252.0,2005.0,Darius Songaila
121,-0.6,-0.3,0.4,1949.0,2001.0,Carlos Rogers
124,-0.6,-0.3,0.3,11463.0,2001.0,David Wesley
125,2.0,-0.3,-2.3,3632.0,2001.0,Calvin Booth
134,-0.6,-0.3,0.3,8538.0,2002.0,Lamond Murray
142,-1.9,-0.3,1.6,10400.0,2009.0,Mo Williams
137,-1.2,-0.3,0.9,7124.0,2002.0,Rodney Rogers
139,-1.0,-0.3,0.7,7753.0,2009.0,Andres Nocioni
148,1.5,-0.3,-1.8,3947.0,2013.0,Glen Davis
149,0.4,-0.3,-0.6,2650.0,2013.0,Jeff Adrien
150,1.2,-0.3,-1.5,5968.0,2013.0,Ed Davis
118,1.3,-0.2,-1.4,5598.0,2001.0,Sean Rooks
142,-0.8,-0.2,0.6,7714.0,2013.0,Tyreke Evans
141,-2.4,-0.2,2.2,9804.0,2013.0,Greivis Vasquez
127,1.0,-0.2,-1.2,5631.0,2002.0,Othella Harrington
132,0.1,-0.2,-0.3,7517.0,2011.0,C.J. Miles
146,-1.0,-0.2,0.7,2398.0,2012.0,Jordan Williams
130,-1.4,-0.2,1.2,4682.0,2008.0,James Jones
135,0.5,-0.2,-0.7,7356.0,2003.0,Kenny Thomas
139,0.8,-0.2,-1.1,1568.0,2010.0,Kyrylo Fesenko
133,0.2,-0.1,-0.4,4578.0,2010.0,Craig Smith
115,-1.6,-0.1,1.5,6002.0,2001.0,Moochie Norris
116,-1.3,-0.1,1.2,8860.0,2001.0,Alvin Williams
117,1.1,-0.1,-1.3,6167.0,2001.0,Michael Smith
128,-0.6,-0.1,0.5,1278.0,2011.0,Othyus Jeffers
113,-2.2,-0.1,2.1,9252.0,2001.0,Steve Smith
131,-0.5,-0.1,0.3,8954.0,2007.0,T.J. Ford
125,-0.8,-0.1,0.7,6285.0,2002.0,Corliss Williamson
115,-1.2,-0.1,1.1,1212.0,2006.0,Darrick Martin
131,1.5,-0.1,-1.6,3856.0,2009.0,Ime Udoka
132,2.1,-0.1,-2.3,6966.0,2005.0,Chris Mihm
120,0.1,-0.1,-0.2,2471.0,2006.0,Jackie Butler
130,1.0,-0.1,-1.1,2719.0,2005.0,Christian Laettner
132,0.5,-0.1,-0.6,1182.0,2010.0,Aaron Gray
139,0.1,-0.1,-0.2,11135.0,2013.0,Chandler Parsons
138,-1.8,-0.1,1.7,1593.0,2013.0,James Anderson
119,-0.8,-0.0,0.8,11874.0,2002.0,Jalen Rose
117,0.7,0.0,-0.7,9119.0,2002.0,Kenny Anderson
132,-0.9,-0.0,0.9,6827.0,2013.0,Carlos Delfino
133,-2.2,-0.0,2.2,8195.0,2013.0,Isaiah Thomas
110,-2.2,0.0,2.3,3646.0,2001.0,Matt Bullard
121,-0.4,0.0,0.4,10922.0,2003.0,Michael Jordan
125,0.8,0.0,-0.8,6704.0,2011.0,DeJuan Blair
123,0.3,-0.0,-0.3,8169.0,2010.0,Jonas Jerebko
121,-0.5,-0.0,0.4,7443.0,2009.0,Ronald Murray
121,0.6,0.0,-0.6,3903.0,2007.0,Lawrence Roberts
122,-0.5,-0.0,0.4,8129.0,2007.0,Mikki Moore
119,-2.9,0.0,3.0,8426.0,2007.0,Chucky Atkins
118,0.9,0.1,-0.8,2949.0,2011.0,Julian Wright
107,0.0,0.1,0.0,9924.0,2006.0,Smush Parker
109,1.3,0.1,-1.3,3154.0,2001.0,Michael Ruffin
106,2.5,0.1,-2.4,10217.0,2001.0,Charles Oakley
115,-0.0,0.1,0.1,626.0,2002.0,Randy Livingston
113,-0.8,0.1,0.9,2287.0,2002.0,Wang Zhizhi
117,-3.0,0.1,3.1,10786.0,2007.0,Leandro Barbosa
115,-1.3,0.1,1.4,2681.0,2008.0,Carl Landry
128,-0.8,0.1,0.9,2965.0,2012.0,Sundiata Gaines
123,0.4,0.1,-0.3,7908.0,2005.0,Chris Duhon
128,0.3,0.1,-0.3,1231.0,2013.0,Quincy Acy
116,-0.5,0.1,0.6,7946.0,2007.0,Josh Childress
116,0.3,0.1,-0.1,7508.0,2004.0,Morris Peterson
112,-1.6,0.1,1.8,8828.0,2008.0,Richard Hamilton
115,1.3,0.1,-1.2,1689.0,2009.0,Ryan Hollins
121,1.3,0.1,-1.3,1380.0,2004.0,Mamadou N'Diaye
116,0.2,0.1,-0.1,7362.0,2010.0,Martell Webster
125,-0.4,0.2,0.6,8460.0,2012.0,Wesley Matthews
123,-0.1,0.2,0.3,5554.0,2012.0,Marvin Williams
121,1.4,0.2,-1.1,2135.0,2012.0,Josh Harrellson
102,3.2,0.2,-3.0,3705.0,2006.0,David Harrison
105,-0.9,0.2,1.0,9430.0,2001.0,Mark Jackson
104,0.2,0.2,-0.1,431.0,2001.0,Anfernee Hardaway
119,-1.3,0.2,1.5,5106.0,2005.0,Mickael Pietrus
111,-0.9,0.2,1.1,7271.0,2009.0,Rudy Fernandez
113,-2.9,0.2,3.1,9214.0,2003.0,Jason Williams
115,3.6,0.2,-3.4,2753.0,2003.0,Jerome James
124,2.5,0.2,-2.3,1254.0,2013.0,Hamed Haddadi
126,2.3,0.2,-2.1,8152.0,2013.0,Bismack Biyombo
105,0.9,0.3,-0.6,3115.0,2002.0,Donnell Harvey
113,0.0,0.3,0.2,9629.0,2011.0,Luis Scola
99,0.7,0.3,-0.4,3023.0,2001.0,Erick Strickland
98,1.8,0.3,-1.5,5988.0,2006.0,Jarron Collins
109,-1.3,0.3,1.6,1786.0,2004.0,Richie Frahm
108,0.1,0.3,0.2,5010.0,2004.0,Kevin Ollie
100,1.8,0.3,-1.5,10261.0,2001.0,Clarence Weatherspoon
108,-1.7,0.3,2.0,5151.0,2003.0,Eric Piatkowski
107,-0.5,0.3,0.9,3332.0,2007.0,Sean May
109,-0.5,0.4,1.0,2972.0,2013.0,Patrick Beverley
102,2.1,0.4,-1.8,3449.0,2010.0,Hasheem Thabeet
103,1.6,0.4,-1.2,2218.0,2010.0,Shelden Williams
106,-0.4,0.4,0.8,7434.0,2003.0,Kerry Kittles
102,-1.0,0.4,1.5,7525.0,2003.0,Jamal Crawford
100,-0.5,0.4,0.9,8184.0,2002.0,Rod Strickland
116,-0.3,0.4,0.7,4680.0,2013.0,Pablo Prigioni
101,-1.1,0.4,1.5,10272.0,2002.0,Wesley Person
110,1.1,0.4,-0.7,1964.0,2011.0,Joey Dorsey
113,1.1,0.4,-0.7,8363.0,2013.0,Spencer Hawes
111,-0.6,0.4,1.0,10677.0,2013.0,Kemba Walker
103,0.7,0.4,-0.3,8027.0,2009.0,Delonte West
101,2.6,0.4,-2.2,3885.0,2009.0,Darko Milicic
106,-0.8,0.4,1.2,6828.0,2011.0,Chase Budinger
107,1.2,0.4,-0.8,9639.0,2011.0,Wilson Chandler
115,-1.4,0.4,1.8,9227.0,2012.0,Brandon Jennings
99,2.3,0.5,-1.7,9106.0,2004.0,Mark Blount
108,0.5,0.5,-0.0,3413.0,2005.0,Scott Padgett
98,-2.1,0.5,2.5,8945.0,2009.0,Nate Robinson
95,1.4,0.5,-0.9,9861.0,2001.0,Brian Grant
94,-0.8,0.5,1.3,8916.0,2001.0,Travis Best
93,-0.3,0.5,0.9,8646.0,2001.0,Rick Fox
93,0.7,0.5,-0.2,3155.0,2010.0,Anthony Randolph
107,0.8,0.5,-0.3,8031.0,2013.0,Mario Chalmers
93,-0.4,0.5,0.9,2338.0,2003.0,Austin Croshere
94,-1.2,0.5,1.7,11598.0,2002.0,Wally Szczerbiak
100,2.3,0.5,-1.9,3591.0,2008.0,Renaldo Balkman
96,0.9,0.5,-0.4,10689.0,2010.0,John Salmons
91,-1.2,0.5,1.6,6021.0,2006.0,Bobby Jackson
109,0.9,0.6,-0.3,3999.0,2012.0,Gustavo Ayon
112,2.2,0.6,-1.6,4303.0,2012.0,Ian Mahinmi
104,-1.5,0.6,2.1,11852.0,2013.0,Damian Lillard
103,2.0,0.6,-1.4,8843.0,2013.0,Thabo Sefolosha
96,-1.1,0.6,1.8,6695.0,2005.0,Mike James
91,2.3,0.6,-1.7,3416.0,2001.0,Andrew DeClercq
97,1.0,0.6,-0.4,9055.0,2005.0,Drew Gooden
85,0.4,0.7,0.3,4414.0,2002.0,Dan Majerle
90,0.2,0.7,0.5,5858.0,2001.0,Walt Williams
107,-0.5,0.7,1.2,8105.0,2012.0,Jeff Teague
89,-0.7,0.7,1.4,8676.0,2002.0,Bonzi Wells
101,1.0,0.7,-0.3,9723.0,2013.0,Tristan Thompson
97,-0.2,0.7,1.0,8748.0,2013.0,Kyle Korver
88,0.5,0.7,0.2,3578.0,2001.0,Nazr Mohammed
87,0.5,0.7,0.2,7482.0,2010.0,C.J. Watson
92,1.1,0.7,-0.4,3595.0,2009.0,Josh Boone
95,0.7,0.7,-0.1,10222.0,2005.0,Bobby Simmons
88,2.2,0.7,-1.5,5520.0,2003.0,George Lynch
82,0.2,0.8,0.6,11451.0,2003.0,Shareef Abdur-Rahim
82,0.9,0.8,-0.0,6646.0,2002.0,Devean George
91,1.1,0.8,-0.3,6794.0,2013.0,Anthony Davis
93,1.1,0.8,-0.3,5859.0,2013.0,Andray Blatche
91,0.9,0.8,-0.1,8269.0,2011.0,Rudy Gay
91,0.4,0.8,0.3,8789.0,2004.0,Keith Van Horn
87,0.7,0.8,0.1,6938.0,2004.0,Eric Williams
85,-0.5,0.8,1.3,5867.0,2004.0,Speedy Claxton
80,-0.4,0.8,1.2,6893.0,2006.0,Anthony Johnson
86,-2.0,0.9,3.0,7921.0,2013.0,Kyrie Irving
87,0.1,0.9,0.8,4127.0,2013.0,DeMarre Carroll
99,0.6,0.9,0.2,4830.0,2012.0,Trevor Booker
88,-0.5,0.9,1.4,10512.0,2013.0,Nicolas Batum
82,-1.2,0.9,2.1,9764.0,2001.0,Damon Stoudamire
86,-2.2,0.9,3.1,11030.0,2007.0,Ben Gordon
80,2.5,0.9,-1.6,1583.0,2004.0,Vladimir Stepania
80,1.3,0.9,-0.5,7198.0,2003.0,Malik Rose
89,0.6,0.9,0.3,7942.0,2013.0,Matt Barnes
94,-0.4,0.9,1.3,4175.0,2012.0,Beno Udrih
88,-0.8,0.9,1.7,11138.0,2011.0,Jrue Holiday
88,3.7,0.9,-2.8,8014.0,2008.0,Chris Kaman
79,2.2,0.9,-1.3,4600.0,2010.0,Louis Amundson
76,-0.0,0.9,1.0,11974.0,2010.0,Stephen Jackson
86,1.2,1.0,-0.2,9657.0,2005.0,Udonis Haslem
79,-2.8,1.0,3.8,9976.0,2001.0,Nick Van Exel
75,-0.6,1.0,1.6,10050.0,2003.0,Michael Finley
85,0.1,1.0,0.9,4122.0,2007.0,Brian Cook
91,2.4,1.0,-1.4,6130.0,2012.0,Ronnie Brewer
90,2.0,1.0,-0.9,3958.0,2012.0,Luc Mbah a Moute
82,-0.7,1.0,1.8,11030.0,2011.0,Raymond Felton
81,1.7,1.0,-0.7,9866.0,2009.0,Grant Hill
82,0.1,1.0,0.9,8069.0,2013.0,Jimmy Butler
78,0.9,1.0,0.1,10677.0,2004.0,Eric Snow
76,1.3,1.0,-0.4,8737.0,2002.0,Danny Fortson
77,2.3,1.0,-1.3,9442.0,2003.0,Bruce Bowen
76,0.2,1.1,0.9,11516.0,2004.0,Richard Jefferson
73,-0.7,1.1,1.7,9482.0,2003.0,Matt Harpring
80,-0.1,1.1,1.2,12378.0,2013.0,Monta Ellis
78,2.0,1.1,-0.8,4439.0,2001.0,Robert Traylor
76,-1.0,1.1,2.1,5095.0,2009.0,Jameer Nelson
77,1.4,1.2,-0.2,7570.0,2001.0,Kurt Thomas
77,1.5,1.2,-0.4,7036.0,2008.0,Chris Wilcox
72,1.1,1.2,0.1,2499.0,2006.0,Jake Tsakalidis
79,0.6,1.2,0.6,5441.0,2011.0,Anthony Tolliver
78,1.6,1.2,-0.4,2331.0,2011.0,Jared Jeffries
64,-0.9,1.2,2.1,6855.0,2002.0,Bob Sura
65,2.5,1.2,-1.3,4898.0,2002.0,Jahidi White
67,0.5,1.2,0.7,6926.0,2002.0,Popeye Jones
72,0.6,1.2,0.6,10295.0,2009.0,Al Harrington
74,-1.3,1.2,2.5,7897.0,2009.0,Steve Blake
78,-2.3,1.2,3.5,9291.0,2005.0,Damon Jones
83,1.0,1.3,0.3,6440.0,2012.0,Channing Frye
75,-0.8,1.3,2.1,8400.0,2005.0,Mike Miller
69,1.5,1.3,-0.3,5781.0,2004.0,Stromile Swift
74,0.7,1.3,0.6,11141.0,2005.0,Quentin Richardson
73,0.8,1.3,0.5,6373.0,2011.0,Josh McRoberts
79,2.8,1.3,-1.5,4958.0,2007.0,Etan Thomas
62,1.1,1.3,0.2,10304.0,2010.0,Trevor Ariza
71,1.0,1.3,0.4,9136.0,2001.0,Mookie Blaylock
78,0.6,1.3,0.6,4496.0,2007.0,Kwame Brown
73,-0.2,1.3,1.6,5883.0,2005.0,Marko Jaric
74,-1.0,1.3,2.3,10628.0,2001.0,Terrell Brandon
75,0.1,1.3,1.2,11140.0,2001.0,Jamal Mashburn
70,0.9,1.4,0.5,12572.0,2011.0,Dorell Wright
70,-0.5,1.4,1.8,8959.0,2001.0,Bryon Russell
68,-1.0,1.4,2.4,10976.0,2001.0,Cuttino Mobley
69,-2.4,1.4,3.9,9309.0,2008.0,Jose Calderon
69,4.4,1.4,-2.9,6399.0,2005.0,Rasho Nesterovic
68,-1.8,1.5,3.3,11721.0,2005.0,Mike Bibby
65,-0.3,1.5,1.8,4587.0,2005.0,Fred Hoiberg
64,-0.6,1.5,2.1,6680.0,2005.0,Vladimir Radmanovic
68,3.0,1.5,-1.6,5190.0,2008.0,Tyrus Thomas
69,2.3,1.5,-0.8,7814.0,2007.0,Zaza Pachulia
65,-1.0,1.5,2.5,7898.0,2001.0,Tim Thomas
66,3.2,1.5,-1.8,5100.0,2001.0,Evan Eschmeyer
67,0.5,1.5,1.0,2673.0,2001.0,Derek Fisher
66,3.4,1.5,-2.0,6838.0,2003.0,Keon Clark
64,3.3,1.5,-1.8,6218.0,2003.0,Tony Battie
66,-1.0,1.5,2.5,8536.0,2009.0,Ramon Sessions
66,-1.6,1.5,3.1,8195.0,2011.0,Eric Gordon
65,-2.4,1.5,3.9,10391.0,2011.0,Kevin Martin
77,1.9,1.5,-0.4,7445.0,2012.0,Landry Fields
69,1.4,1.5,0.1,7217.0,2013.0,Kawhi Leonard
59,-0.2,1.6,1.7,9411.0,2004.0,Desmond Mason
64,0.4,1.6,1.3,9486.0,2009.0,Mehmet Okur
57,2.0,1.6,-0.3,8292.0,2004.0,Joe Smith
56,-2.4,1.6,4.1,5510.0,2004.0,Antonio Daniels
67,-0.8,1.6,2.4,9691.0,2007.0,Anthony Parker
57,1.1,1.6,0.6,5806.0,2002.0,Todd MacCulloch
61,2.9,1.6,-1.3,4875.0,2001.0,Scott Williams
63,1.5,1.6,0.2,10474.0,2001.0,Clifford Robinson
58,1.0,1.6,0.6,7006.0,2003.0,Scottie Pippen
59,0.2,1.7,1.5,8781.0,2001.0,Aaron McKie
59,4.8,1.7,-3.0,4866.0,2008.0,DeSagana Diop
60,0.0,1.7,1.7,8701.0,2008.0,Caron Butler
65,1.1,1.7,0.6,8652.0,2013.0,Kenneth Faried
66,1.5,1.7,0.2,5996.0,2013.0,Eric Bledsoe
63,0.7,1.7,1.0,5254.0,2009.0,Kirk Hinrich
67,-0.8,1.7,2.5,7915.0,2013.0,Gordon Hayward
55,1.5,1.8,0.3,4435.0,2006.0,Brevin Knight
62,3.6,1.8,-1.9,7581.0,2013.0,Al-Farouq Aminu
58,3.9,1.8,-2.1,6969.0,2008.0,Reggie Evans
59,2.3,1.8,-0.6,4086.0,2005.0,Steven Hunter
61,2.4,1.8,-0.6,7197.0,2013.0,Kosta Koufos
56,1.6,1.8,0.1,7823.0,2001.0,Dale Davis
48,0.7,1.8,1.2,5176.0,2002.0,Eduardo Najera
51,2.0,1.8,-0.2,7813.0,2001.0,Darius Miles
54,2.8,1.8,-1.1,3660.0,2003.0,Ryan Bowen
53,0.4,1.8,1.4,12072.0,2003.0,Antoine Walker
60,-0.1,1.8,2.0,11347.0,2007.0,Tayshaun Prince
52,-1.4,1.8,3.2,5292.0,2003.0,Jon Barry
57,1.3,1.9,0.6,4505.0,2013.0,Andre Drummond
60,3.1,1.9,-1.3,6575.0,2013.0,Derrick Favors
58,-1.9,1.9,3.7,11009.0,2007.0,Jason Terry
60,2.4,1.9,-0.5,7793.0,2009.0,Jamario Moon
49,2.5,1.9,-0.6,6535.0,2003.0,Derrick Coleman
53,0.3,2.0,1.8,7443.0,2013.0,Nikola Pekovic
45,2.6,2.0,-0.6,8318.0,2002.0,Horace Grant
55,2.1,2.0,-0.1,7833.0,2013.0,Robin Lopez
42,0.2,2.0,1.8,7824.0,2010.0,Jared Dudley
44,-0.2,2.0,2.2,6785.0,2002.0,Derek Anderson
44,3.5,2.0,-1.5,8199.0,2010.0,Kendrick Perkins
58,1.8,2.0,0.2,6804.0,2009.0,Ronny Turiaf
53,1.3,2.0,0.7,6461.0,2008.0,Jason Maxiell
56,0.8,2.0,1.2,12082.0,2007.0,Rafer Alston
45,-1.2,2.0,3.2,9760.0,2003.0,Peja Stojakovic
46,3.0,2.0,-1.0,6962.0,2003.0,Eddie Griffin
57,1.2,2.0,0.8,4562.0,2009.0,Leon Powe
67,-1.2,2.0,3.2,6083.0,2012.0,Rodney Stuckey
49,1.6,2.0,0.4,9074.0,2004.0,James Posey
56,-1.1,2.0,3.1,9933.0,2013.0,Goran Dragic
65,0.9,2.0,1.2,6522.0,2012.0,Jason Thompson
59,1.3,2.1,0.9,5909.0,2012.0,Danny Green
60,-1.5,2.1,3.6,6308.0,2012.0,Louis Williams
44,-1.3,2.1,3.4,9289.0,2001.0,Tim Hardaway
43,-1.5,2.1,3.7,10454.0,2001.0,Darrell Armstrong
61,1.6,2.1,0.6,8016.0,2012.0,Kris Humphries
62,2.4,2.1,-0.3,8236.0,2012.0,Marcin Gortat
45,3.8,2.1,-1.7,8511.0,2001.0,Elden Campbell
63,-1.2,2.1,3.2,8390.0,2012.0,Ty Lawson
54,0.7,2.1,1.3,8910.0,2005.0,Larry Hughes
52,0.9,2.2,1.3,9993.0,2009.0,Troy Murphy
52,0.8,2.2,1.4,6910.0,2007.0,David Lee
41,-0.1,2.2,2.2,7677.0,2001.0,Ruben Patterson
52,1.1,2.2,1.1,4411.0,2013.0,Brandan Wright
56,0.1,2.2,2.0,5077.0,2012.0,Matt Bonner
58,0.2,2.2,2.0,3717.0,2012.0,Jeremy Lin
49,0.0,2.3,2.3,9859.0,2013.0,George Hill
36,0.9,2.3,1.4,4749.0,2002.0,Terry Porter
47,5.9,2.3,-3.6,9029.0,2005.0,Jason Collins
51,0.1,2.3,2.1,5771.0,2006.0,Earl Watson
44,-1.6,2.4,4.0,8176.0,2007.0,Michael Redd
35,-0.5,2.4,2.9,12095.0,2002.0,Gary Payton
41,-0.4,2.4,2.8,5891.0,2004.0,Brian Cardinal
49,-0.3,2.4,2.7,8893.0,2009.0,J.R. Smith
46,0.9,2.4,1.6,12085.0,2008.0,Mike Dunleavy
46,-0.7,2.4,3.1,8978.0,2009.0,Carmelo Anthony
51,1.6,2.5,0.8,7761.0,2012.0,DeMarcus Cousins
48,3.4,2.5,-0.8,5780.0,2012.0,Tony Allen
46,0.1,2.5,2.4,8198.0,2013.0,Ersan Ilyasova
44,1.8,2.5,0.7,9919.0,2013.0,Greg Monroe
35,3.0,2.5,-0.5,5999.0,2010.0,Nick Collison
49,3.5,2.5,-1.0,4929.0,2012.0,Ekpe Udoh
44,-0.4,2.5,2.8,11658.0,2009.0,Joe Johnson
45,1.0,2.5,1.5,6993.0,2009.0,Al Jefferson
38,4.2,2.5,-1.7,7309.0,2001.0,Ervin Johnson
34,2.6,2.5,-0.0,9473.0,2002.0,P.J. Brown
37,0.3,2.6,2.3,8194.0,2004.0,Reggie Miller
37,-1.4,2.6,3.9,12365.0,2001.0,Jerry Stackhouse
48,0.8,2.6,1.8,6567.0,2006.0,Josh Howard
34,2.4,2.7,0.3,9972.0,2003.0,Kenyon Martin
38,2.8,2.7,-0.1,8131.0,2011.0,Chuck Hayes
43,-0.0,2.7,2.7,4594.0,2005.0,Jamaal Tinsley
40,-0.1,2.7,2.9,11148.0,2008.0,Carlos Boozer
42,1.0,2.7,1.7,10825.0,2009.0,Hedo Turkoglu
46,-0.6,2.7,3.3,10771.0,2006.0,Jason Richardson
41,2.4,2.7,0.3,8514.0,2011.0,JaVale McGee
33,3.0,2.8,-0.2,8597.0,2003.0,Jerome Williams
44,2.0,2.8,0.8,10837.0,2006.0,Boris Diaw
41,3.1,2.9,-0.2,11280.0,2013.0,Paul George
42,-0.4,2.9,3.2,6171.0,2013.0,John Wall
30,4.8,2.9,-1.9,6878.0,2003.0,Adonal Foyle
33,2.5,2.9,0.4,10075.0,2001.0,Antonio Davis
32,3.9,2.9,-1.0,6050.0,2001.0,Scot Pollard
30,-1.0,2.9,3.9,10525.0,2004.0,Sam Cassell
29,3.2,2.9,-0.4,9147.0,2002.0,Raef LaFrentz
35,0.8,2.9,2.1,9785.0,2008.0,Corey Maggette
40,1.7,3.0,1.3,9895.0,2013.0,Thaddeus Young
26,2.1,3.0,0.8,5692.0,2002.0,Jamaal Magloire
40,-0.0,3.0,3.0,6026.0,2005.0,Donyell Marshall
29,0.3,3.0,2.7,5553.0,2003.0,Charlie Ward
33,4.1,3.0,-1.1,9782.0,2007.0,Samuel Dalembert
29,2.2,3.1,0.9,10541.0,2010.0,Al Horford
39,3.1,3.1,-0.0,7721.0,2013.0,DeAndre Jordan
30,2.3,3.1,0.8,9507.0,2001.0,Antonio McDyess
32,4.2,3.1,-1.1,9179.0,2007.0,Emeka Okafor
37,2.3,3.1,0.9,10136.0,2005.0,Eddie Jones
30,2.5,3.2,0.7,12133.0,2011.0,Luol Deng
27,-0.0,3.2,3.2,6742.0,2004.0,Brent Barry
28,2.3,3.2,0.9,1793.0,2010.0,Greg Oden
38,2.0,3.2,1.2,6537.0,2013.0,Ricky Rubio
32,3.8,3.2,-0.6,6989.0,2012.0,Serge Ibaka
32,0.7,3.2,2.5,10351.0,2011.0,Zach Randolph
28,-0.6,3.3,3.9,9551.0,2009.0,Devin Harris
32,5.2,3.3,-1.9,5760.0,2005.0,Kelvin Cato
33,2.2,3.3,1.1,5060.0,2005.0,Robert Horry
35,6.1,3.3,-2.7,7773.0,2013.0,Larry Sanders
30,3.8,3.4,-0.4,6454.0,2005.0,Dan Gadzuric
34,2.3,3.4,1.1,9209.0,2013.0,David West
27,3.5,3.4,-0.1,5578.0,2005.0,Jeff Foster
22,4.2,3.4,-0.8,5794.0,2001.0,Hakeem Olajuwon
28,-0.1,3.5,3.6,7405.0,2012.0,Tony Parker
25,0.6,3.6,3.0,11532.0,2008.0,Antawn Jamison
27,3.3,3.6,0.3,8546.0,2008.0,Andris Biedrins
20,4.6,3.6,-1.0,4730.0,2001.0,Arvydas Sabonis
27,0.7,3.6,2.8,7460.0,2012.0,Rajon Rondo
26,3.7,3.6,-0.1,4723.0,2012.0,Taj Gibson
17,0.5,3.6,3.1,9761.0,2002.0,Allen Iverson
25,-1.9,3.6,5.5,12035.0,2005.0,Stephon Marbury
31,2.1,3.6,1.6,8588.0,2013.0,Brook Lopez
31,4.8,3.7,-1.2,4849.0,2006.0,Joel Przybilla
27,3.5,3.7,0.2,7902.0,2013.0,Tiago Splitter
29,0.4,3.7,3.3,7504.0,2013.0,Kyle Lowry
21,2.8,3.7,0.9,10713.0,2003.0,Doug Christie
21,4.3,3.7,-0.7,8819.0,2004.0,Erick Dampier
20,0.4,3.8,3.4,6198.0,2003.0,Toni Kukoc
25,2.1,3.8,1.7,10369.0,2013.0,LaMarcus Aldridge
26,1.3,3.8,2.5,8882.0,2013.0,Danilo Gallinari
24,1.2,3.8,2.6,7877.0,2012.0,Danny Granger
23,2.8,3.9,1.1,7968.0,2012.0,Andrew Bynum
23,3.4,3.9,0.5,9279.0,2005.0,Zydrunas Ilgauskas
20,2.3,4.1,1.8,3395.0,2013.0,Anderson Varejao
19,-0.5,4.2,4.7,11983.0,2013.0,Stephen Curry
25,3.9,4.2,0.2,3200.0,2006.0,Gerald Wallace
15,-0.7,4.2,4.9,11068.0,2002.0,Andre Miller
13,6.8,4.2,-2.6,9546.0,2004.0,Theo Ratliff
14,3.0,4.3,1.3,10968.0,2001.0,Chris Webber
22,4.5,4.3,-0.2,9684.0,2006.0,Shane Battier
13,1.9,4.3,2.3,11080.0,2009.0,Rashard Lewis
19,-1.1,4.3,5.5,5203.0,2012.0,Derrick Rose
12,-0.6,4.4,5.0,10557.0,2009.0,Brandon Roy
18,0.1,4.4,4.3,7334.0,2012.0,Ryan Anderson
16,1.2,4.5,3.3,11252.0,2005.0,Amare Stoudemire
14,5.9,4.5,-1.4,6975.0,2003.0,Greg Ostertag
16,5.4,4.5,-0.8,9938.0,2013.0,Omer Asik
15,4.3,4.6,0.3,8556.0,2013.0,Roy Hibbert
14,4.9,4.6,-0.3,9099.0,2013.0,Joakim Noah
13,3.6,4.7,1.1,8506.0,2013.0,Amir Johnson
11,1.2,4.7,3.6,10646.0,2001.0,Karl Malone
13,-0.7,4.7,5.4,11965.0,2001.0,Ray Allen
11,3.7,4.8,1.1,8561.0,2004.0,Rasheed Wallace
10,4.1,4.8,0.7,9556.0,2001.0,Bo Outlaw
15,3.3,5.0,1.7,8077.0,2006.0,Metta World Peace
12,-0.6,5.0,5.6,10988.0,2010.0,Deron Williams
12,2.0,5.1,3.1,10353.0,2013.0,Mike Conley
11,-0.9,5.1,6.0,12112.0,2013.0,James Harden
9,1.7,5.1,3.5,12101.0,2003.0,Steve Francis
9,-0.3,5.2,5.4,11061.0,2001.0,Vince Carter
10,2.1,5.2,3.1,11537.0,2011.0,Pau Gasol
10,4.5,5.2,0.6,2432.0,2013.0,Chris Andersen
15,2.9,5.2,2.3,12433.0,2007.0,Shawn Marion
9,3.6,5.2,1.7,9683.0,2009.0,Yao Ming
9,4.4,5.3,0.9,8210.0,2013.0,Tyson Chandler
9,4.5,5.3,0.9,9981.0,2004.0,Jermaine O'Neal
13,4.2,5.3,1.1,8228.0,2012.0,Andre Iguodala
8,0.1,5.3,5.3,11345.0,2013.0,Russell Westbrook
10,5.6,5.4,-0.2,9510.0,2002.0,Vlade Divac
6,3.4,5.4,2.0,8764.0,2013.0,Paul Millsap
8,4.0,5.5,1.5,9010.0,2011.0,Nene Hilario
7,5.3,5.5,0.2,8476.0,2010.0,Andrew Bogut
8,3.3,5.5,2.2,10041.0,2004.0,Brad Miller
11,5.1,5.6,0.5,4646.0,2006.0,Alonzo Mourning
9,1.9,5.6,3.7,8861.0,2012.0,Blake Griffin
9,5.6,5.6,-0.0,7129.0,2005.0,Brendan Haywood
8,2.1,5.7,3.7,12483.0,2002.0,Paul Pierce
9,-0.5,5.8,6.3,9191.0,2008.0,Chauncey Billups
6,7.4,5.8,-1.6,9558.0,2001.0,Dikembe Mutombo
4,5.6,6.0,0.4,10513.0,2013.0,Marc Gasol
7,-0.9,6.0,6.9,9403.0,2007.0,Baron Davis
5,7.5,6.0,-1.5,7422.0,2001.0,Shawn Bradley
8,-2.6,6.0,8.6,11070.0,2007.0,Steve Nash
9,6.4,6.0,-0.4,10011.0,2007.0,Marcus Camby
9,2.9,6.0,3.0,11284.0,2006.0,Elton Brand
7,2.1,6.1,4.1,9006.0,2008.0,Chris Bosh
5,4.6,6.2,1.5,9119.0,2009.0,Lamar Odom
5,4.9,6.2,1.3,8752.0,2012.0,Josh Smith
6,1.0,6.2,5.2,12118.0,2007.0,Gilbert Arenas
4,1.5,6.2,4.7,8390.0,2012.0,Kevin Love
7,1.9,6.5,4.6,8834.0,2005.0,Jason Kidd
5,0.8,6.6,5.7,12831.0,2008.0,Kobe Bryant
3,1.5,7.0,5.5,8865.0,2001.0,John Stockton
6,2.0,7.1,5.2,7916.0,2005.0,Manu Ginobili
5,0.1,7.7,7.6,11422.0,2003.0,Tracy McGrady
2,7.1,8.0,1.0,8754.0,2001.0,David Robinson
3,3.1,8.0,4.9,11907.0,2003.0,Dirk Nowitzki
2,2.3,8.0,5.7,12297.0,2013.0,Kevin Durant
2,4.9,8.9,4.0,4769.0,2005.0,Andrei Kirilenko
1,1.4,9.0,7.6,11107.0,2009.0,Chris Paul
0,9.2,9.1,-0.1,9803.0,2006.0,Ben Wallace
2,1.1,9.4,8.2,10629.0,2010.0,Dwyane Wade
0,7.2,9.7,2.5,11145.0,2011.0,Dwight Howard
1,5.6,10.3,4.7,11904.0,2004.0,Kevin Garnett
0,6.4,10.9,4.4,8005.0,2005.0,Tim Duncan
0,3.5,11.1,7.7,10892.0,2001.0,Shaquille O'Neal
0,2.6,11.9,9.2,11299.0,2010.0,LeBron James
