,def100,Name,tot200,off100,Possessions,year
467,-3.3,Doron Lamb,-5.9,-2.7,2190.0,2013.0
476,-2.8,Norris Cole,-5.9,-3.1,4751.0,2012.0
466,-3.4,Jeremy Pargo,-5.8,-2.4,2366.0,2013.0
440,-3.7,Bobby Brown,-5.6,-1.8,3619.0,2009.0
437,-1.6,Dragan Tarlac,-5.4,-3.8,2184.0,2001.0
448,-2.7,Sergei Monia,-5.4,-2.7,1245.0,2006.0
463,-1.7,Will Barton,-5.2,-3.5,3374.0,2013.0
433,-0.2,Eric Montross,-5.2,-5.0,2363.0,2002.0
430,-1.3,John Amaechi,-5.0,-3.7,6456.0,2001.0
460,-2.1,Marquis Teague,-5.0,-2.9,1410.0,2013.0
428,-1.9,Sean Singletary,-4.8,-2.9,1124.0,2009.0
423,-2.6,David Benoit,-4.8,-2.2,1689.0,2001.0
429,-3.0,Courtney Alexander,-4.8,-1.8,4886.0,2002.0
430,-3.4,John Wallace,-4.8,-1.4,1877.0,2002.0
426,-0.8,Otis Thorpe,-4.8,-4.0,2393.0,2001.0
425,-1.9,Roshown McLeod,-4.8,-2.9,3420.0,2001.0
408,-2.3,Mike Batiste,-4.7,-2.4,4657.0,2003.0
447,-0.7,Michael Curry,-4.6,-3.9,820.0,2005.0
425,-1.8,Hanno Mottola,-4.6,-2.8,5094.0,2002.0
460,-2.2,Walker Russell,-4.6,-2.3,1350.0,2012.0
447,-3.6,John Jenkins,-4.5,-0.9,3512.0,2013.0
451,-2.3,Austin Rivers,-4.5,-2.3,5102.0,2013.0
448,-3.1,Andrew Goudelock,-4.5,-1.4,48.0,2013.0
417,-0.3,Duane Causwell,-4.5,-4.2,1345.0,2001.0
418,-2.9,Vernon Maxwell,-4.5,-1.6,2487.0,2001.0
449,-3.2,Kendall Marshall,-4.5,-1.3,2732.0,2013.0
416,-0.9,Loy Vaught,-4.4,-3.5,2063.0,2001.0
440,-2.6,David Noel,-4.4,-1.9,3179.0,2007.0
440,-2.7,Terrence Ross,-4.3,-1.6,4568.0,2013.0
422,-2.7,Jermaine Taylor,-4.3,-1.5,1217.0,2010.0
418,-2.3,Sam Mitchell,-4.3,-1.9,2710.0,2002.0
437,-2.6,Kim English,-4.2,-1.6,1534.0,2013.0
434,-0.6,Joel Freeland,-4.1,-3.6,1765.0,2013.0
435,-2.1,Donald Sloan,-4.1,-2.0,980.0,2013.0
436,-0.5,Earl Clark,-4.1,-3.6,5378.0,2013.0
432,-2.3,MarShon Brooks,-4.1,-1.8,3401.0,2013.0
425,-3.6,Salim Stoudamire,-4.1,-0.5,1547.0,2008.0
429,-2.1,DeQuan Jones,-4.1,-2.0,3079.0,2013.0
431,-1.8,Victor Claver,-4.1,-2.3,3048.0,2013.0
424,-2.6,Lionel Chalmers,-4.0,-1.4,1481.0,2005.0
411,-2.4,Josh Powell,-4.0,-1.6,1540.0,2006.0
416,-1.8,Darnell Jackson,-4.0,-2.2,498.0,2010.0
452,-2.1,Charles Jenkins,-3.9,-1.8,3497.0,2012.0
403,-1.9,Bimbo Coles,-3.9,-2.0,596.0,2004.0
400,-2.3,Travis Hansen,-3.9,-1.5,1905.0,2004.0
421,-1.3,Nando De Colo,-3.8,-2.6,3601.0,2013.0
397,-2.4,Johnny Newman,-3.8,-1.4,7730.0,2001.0
411,-2.9,Jonny Flynn,-3.8,-0.9,9439.0,2010.0
409,-2.2,Adam Morrison,-3.8,-1.6,931.0,2010.0
416,-2.2,Quincy Douby,-3.8,-1.6,1507.0,2007.0
382,-1.9,Antoine Rigaudeau,-3.8,-1.9,337.0,2003.0
447,-1.1,E'Twaun Moore,-3.7,-2.7,1232.0,2012.0
417,-3.4,Brian Roberts,-3.7,-0.3,4715.0,2013.0
415,-3.1,Donatas Motiejunas,-3.7,-0.6,2126.0,2013.0
395,-3.8,Mahmoud Abdul-Rauf,-3.7,0.1,1822.0,2001.0
412,-1.7,Pat Burke,-3.7,-2.0,672.0,2007.0
408,-4.9,Jimmer Fredette,-3.6,1.4,3719.0,2013.0
411,-1.8,Cory Higgins,-3.6,-1.8,126.0,2013.0
412,-0.9,Darius Miller,-3.6,-2.7,2509.0,2013.0
390,-1.8,Kornel David,-3.6,-1.8,824.0,2001.0
391,-0.8,Gerard King,-3.6,-2.7,2676.0,2001.0
392,-1.6,Doug West,-3.6,-2.0,619.0,2001.0
406,-1.8,Tony Wroten,-3.5,-1.7,1022.0,2013.0
402,-2.4,Mirza Teletovic,-3.5,-1.1,1855.0,2013.0
388,-2.8,John Starks,-3.5,-0.7,7803.0,2001.0
382,-1.6,Nikoloz Tskitishvili,-3.4,-1.7,389.0,2006.0
385,-1.3,Greg Foster,-3.4,-2.1,105.0,2002.0
401,-0.8,Maurice Harkless,-3.4,-2.7,7467.0,2013.0
398,-1.0,Thomas Robinson,-3.4,-2.4,4015.0,2013.0
396,-1.9,Orlando Johnson,-3.4,-1.4,2290.0,2013.0
387,-2.8,Ron Mercer,-3.4,-0.6,9193.0,2001.0
403,-2.1,Eugene Jeter,-3.4,-1.3,3511.0,2011.0
397,-3.4,Gary Neal,-3.4,-0.0,6465.0,2011.0
390,-1.7,Zoran Planinic,-3.3,-1.6,1793.0,2005.0
393,-1.2,Meyers Leonard,-3.3,-2.1,4527.0,2013.0
392,-2.0,Kevin Murphy,-3.3,-1.3,204.0,2013.0
391,-2.0,Jeremy Lamb,-3.3,-1.3,550.0,2013.0
360,-2.0,Efthimi Rentzias,-3.3,-1.3,554.0,2003.0
394,-2.2,Tyshawn Taylor,-3.3,-1.2,824.0,2013.0
373,-1.6,Rodney Buford,-3.3,-1.8,549.0,2004.0
371,0.0,Trenton Hassell,-3.3,-3.3,8359.0,2004.0
375,-1.7,Willie Green,-3.3,-1.6,466.0,2006.0
389,1.6,Johan Petro,-3.3,-4.9,5286.0,2008.0
391,-1.8,Mike Taylor,-3.3,-1.6,2951.0,2009.0
389,-2.1,Sun Yue,-3.3,-1.2,123.0,2009.0
376,-2.3,Chris Porter,-3.2,-0.9,4368.0,2001.0
377,-2.3,Khalid El-Amin,-3.2,-0.9,3456.0,2001.0
378,-1.2,Kevin Edwards,-3.2,-2.1,2399.0,2001.0
372,-2.1,Boniface N'Dong,-3.2,-1.1,531.0,2006.0
363,-1.9,Quincy Lewis,-3.2,-1.3,245.0,2004.0
373,-1.5,Sherman Douglas,-3.2,-1.7,4055.0,2001.0
386,-2.0,John Edwards,-3.2,-1.1,481.0,2005.0
385,-1.4,Ben Hansbrough,-3.2,-1.8,784.0,2013.0
386,-2.1,Maalik Wayns,-3.2,-1.1,754.0,2013.0
382,-1.2,Nolan Smith,-3.2,-1.9,1092.0,2013.0
380,-2.1,Jordan Crawford,-3.2,-1.0,6547.0,2013.0
381,-1.7,Luke Zeller,-3.2,-1.5,241.0,2013.0
414,-1.8,Trey Thompkins,-3.2,-1.4,471.0,2012.0
411,-0.9,Xavier Henry,-3.2,-2.2,2750.0,2012.0
345,-1.0,Juaquin Hawkins,-3.1,-2.1,2471.0,2003.0
385,-2.0,Derrick Caracter,-3.1,-1.1,857.0,2011.0
380,-1.2,Wayne Simien,-3.1,-1.9,349.0,2007.0
372,-1.9,Lazar Hayward,-3.1,-1.2,127.0,2013.0
373,-2.2,Cory Joseph,-3.1,-0.8,1622.0,2013.0
377,-2.3,Evan Fournier,-3.1,-0.9,1830.0,2013.0
373,-1.8,Isaac Fontaine,-3.1,-1.3,283.0,2002.0
363,-1.7,Gerald Fitch,-3.1,-1.4,821.0,2006.0
372,-2.9,Chris Carr,-3.1,-0.3,1144.0,2001.0
371,-1.9,Tyus Edney,-3.1,-1.2,1002.0,2001.0
373,-0.8,Rob Kurz,-3.0,-2.2,1813.0,2009.0
368,-3.2,Juan Carlos Navarro,-3.0,0.1,8518.0,2008.0
337,-1.9,Jay Williams,-3.0,-1.1,7545.0,2003.0
339,-2.0,Adam Harrington,-3.0,-1.0,411.0,2003.0
378,-1.2,Erik Daniels,-3.0,-1.8,279.0,2005.0
362,-1.0,Jeff Taylor,-3.0,-2.0,5673.0,2013.0
363,-2.4,Vonteego Cummings,-3.0,-0.6,5692.0,2001.0
367,-2.7,Steve Kerr,-3.0,-0.3,2808.0,2002.0
366,-1.7,Joe Crispin,-3.0,-1.3,578.0,2002.0
370,-1.5,Diante Garrett,-3.0,-1.6,587.0,2013.0
371,-0.5,Semih Erden,-3.0,-2.5,2230.0,2011.0
396,-1.3,Courtney Fortson,-3.0,-1.7,371.0,2012.0
398,-1.5,DeAndre Liggins,-3.0,-1.5,431.0,2012.0
386,-1.6,Darius Morris,-2.9,-1.2,610.0,2012.0
331,-1.6,Ruben Wolkowyski,-2.9,-1.3,90.0,2003.0
332,-1.2,Gary Trent,-2.9,-1.7,4564.0,2003.0
357,-1.5,Javaris Crittenton,-2.9,-1.4,2742.0,2008.0
352,-3.2,Chris Herren,-2.9,0.3,1559.0,2001.0
354,-1.4,Tyrone Corbin,-2.9,-1.5,442.0,2001.0
368,-1.3,Yakhouba Diawara,-2.9,-1.6,175.0,2010.0
356,-2.9,Cedric Ceballos,-2.9,0.0,2030.0,2001.0
349,-1.5,Sean Colson,-2.9,-1.3,183.0,2001.0
369,-0.9,Sam Young,-2.9,-2.0,6024.0,2011.0
350,-1.8,Sharrod Ford,-2.9,-1.1,54.0,2006.0
358,-1.2,Terrel Harris,-2.9,-1.7,483.0,2013.0
351,-1.4,Reece Gaines,-2.9,-1.5,1304.0,2004.0
352,-2.0,Maciej Lampe,-2.9,-0.9,863.0,2004.0
367,-1.8,Antonio Burks,-2.9,-1.2,767.0,2005.0
348,-2.0,Will Solomon,-2.8,-0.8,3275.0,2002.0
359,-1.7,Jared Reiner,-2.8,-1.1,524.0,2005.0
351,-1.6,Ernest Brown,-2.8,-1.3,78.0,2002.0
350,-1.9,Kenny Satterfield,-2.8,-1.0,2065.0,2002.0
353,-0.7,Jermareo Davidson,-2.8,-2.1,482.0,2009.0
350,-1.8,Shannon Brown,-2.8,-1.0,1840.0,2009.0
361,-1.3,Uros Slokar,-2.8,-1.5,310.0,2007.0
344,0.0,Tony Massenburg,-2.8,-2.8,3026.0,2001.0
343,-1.6,Tony Smith,-2.8,-1.2,296.0,2001.0
342,-0.5,Derek Strong,-2.8,-2.3,1736.0,2001.0
357,-1.4,Scott Machado,-2.8,-1.4,90.0,2013.0
342,-2.7,Tracy Murray,-2.8,-0.2,127.0,2004.0
335,-1.7,Derrick Zimmerman,-2.8,-1.1,103.0,2006.0
338,-1.9,Devin Green,-2.8,-0.9,485.0,2006.0
340,-1.4,Robert Whaley,-2.8,-1.5,770.0,2006.0
339,-1.8,Gabe Pruitt,-2.8,-1.0,359.0,2008.0
382,-1.1,Ishmael Smith,-2.8,-1.6,887.0,2012.0
383,-1.1,Christian Eyenga,-2.8,-1.7,369.0,2012.0
344,-1.4,D.J. Strawberry,-2.8,-1.4,1069.0,2008.0
344,-2.1,Nick Young,-2.7,-0.6,8003.0,2011.0
346,-1.0,Terrence Williams,-2.7,-1.7,1109.0,2011.0
347,-1.3,Al Thornton,-2.7,-1.4,5354.0,2011.0
348,-1.5,Byron Mullens,-2.7,-1.2,340.0,2011.0
349,-1.3,Zabian Dowdell,-2.7,-1.4,1144.0,2011.0
343,-1.6,Marcus Cousin,-2.7,-1.1,79.0,2011.0
336,-1.6,Doug Overton,-2.7,-1.1,486.0,2002.0
342,-2.3,Hubert Davis,-2.7,-0.5,4433.0,2002.0
335,-1.7,Dana Barros,-2.7,-1.0,48.0,2004.0
372,-1.3,Marcus Morris,-2.7,-1.4,482.0,2012.0
346,-0.7,Vassilis Spanoulis,-2.7,-2.0,1085.0,2007.0
375,-1.5,Elliot Williams,-2.7,-1.2,594.0,2012.0
327,-1.6,Lance Allred,-2.7,-1.1,31.0,2008.0
350,-1.5,Mile Ilic,-2.7,-1.2,22.0,2007.0
349,-0.9,Will Blalock,-2.7,-1.8,627.0,2007.0
327,-0.9,Kevin Burleson,-2.7,-1.8,607.0,2006.0
343,-1.1,DeMarcus Nelson,-2.7,-1.5,735.0,2009.0
319,-3.1,J.R. Bremer,-2.7,0.4,5544.0,2003.0
356,-0.5,Royal Ivey,-2.7,-2.2,3062.0,2005.0
335,-0.9,Bill Curley,-2.7,-1.8,750.0,2001.0
352,-1.8,Sonny Weems,-2.7,-0.9,5353.0,2010.0
347,-1.4,Robert Sacre,-2.7,-1.3,825.0,2013.0
349,-1.3,Reggie Jackson,-2.7,-1.5,3967.0,2013.0
331,-1.6,Matt Walsh,-2.7,-1.1,18.0,2006.0
329,-1.3,Rawle Marshall,-2.7,-1.4,885.0,2006.0
352,-1.4,Ibo Kutluay,-2.7,-1.2,37.0,2005.0
353,-1.3,Corsley Edwards,-2.7,-1.3,379.0,2005.0
324,-1.4,Melvin Sanders,-2.7,-1.3,386.0,2006.0
304,-1.6,Deng Gai,-2.6,-1.0,15.0,2006.0
303,-1.6,Noel Felix,-2.6,-1.0,312.0,2006.0
309,-1.6,Tito Maddox,-2.6,-0.9,134.0,2003.0
308,-1.0,Predrag Savovic,-2.6,-1.6,990.0,2003.0
363,-1.7,Dennis Horner,-2.6,-0.9,84.0,2012.0
362,-1.5,Edwin Ubiles,-2.6,-1.1,183.0,2012.0
358,-1.6,D.J. Kennedy,-2.6,-1.0,217.0,2012.0
338,-1.6,Jared Cunningham,-2.6,-1.0,104.0,2013.0
337,-1.1,Solomon Jones,-2.6,-1.4,94.0,2013.0
336,-1.6,Josh Akognon,-2.6,-1.0,31.0,2013.0
334,-1.4,Miles Plumlee,-2.6,-1.2,225.0,2013.0
333,-1.5,Tim Ohlbrecht,-2.6,-1.1,43.0,2013.0
332,-1.4,Devin Ebanks,-2.6,-1.2,763.0,2013.0
365,-1.3,Justin Harper,-2.6,-1.3,318.0,2012.0
322,-1.5,Curtis Borchardt,-2.6,-1.1,945.0,2004.0
343,-1.5,Terrence Jones,-2.6,-1.1,1121.0,2013.0
342,-1.4,Jarvis Varnado,-2.6,-1.2,203.0,2013.0
327,0.2,Oliver Miller,-2.6,-2.8,1895.0,2004.0
328,-0.5,Ryan Humphrey,-2.6,-2.1,45.0,2004.0
329,-1.5,Rusty LaRue,-2.6,-1.1,73.0,2004.0
366,-1.4,Travis Leslie,-2.6,-1.2,178.0,2012.0
344,-0.9,Keith McLeod,-2.6,-1.6,5026.0,2005.0
333,-1.2,Cedric Simmons,-2.6,-1.4,335.0,2009.0
329,-1.3,Kirk Haston,-2.6,-1.3,318.0,2002.0
330,-1.6,Sherron Collins,-2.6,-0.9,240.0,2011.0
332,-1.6,Craig Brackins,-2.6,-1.0,117.0,2011.0
328,-1.4,Norm Richardson,-2.6,-1.2,261.0,2002.0
323,-1.5,Jeryl Sasser,-2.6,-1.0,131.0,2002.0
333,-1.2,Detlef Schrempf,-2.6,-1.4,1430.0,2001.0
330,-0.8,Jud Buechler,-2.6,-1.9,2794.0,2001.0
328,-4.1,Dell Curry,-2.6,1.5,3588.0,2001.0
325,1.5,Isaac Austin,-2.6,-4.0,3155.0,2001.0
324,-1.6,Garth Joseph,-2.6,-1.0,58.0,2001.0
323,-2.6,Paul McPherson,-2.6,0.0,2272.0,2001.0
322,0.2,Larry Johnson,-2.6,-2.7,7399.0,2001.0
369,-1.8,Eric Dawson,-2.6,-0.8,160.0,2012.0
322,-1.0,Antonis Fotsis,-2.6,-1.5,1210.0,2002.0
337,-1.1,Mickael Gelabale,-2.6,-1.5,4888.0,2007.0
338,-0.2,Maurice Taylor,-2.6,-2.4,401.0,2007.0
339,-1.5,Joey Graham,-2.6,-1.1,5330.0,2007.0
342,-1.3,Andreas Glyniadakis,-2.6,-1.3,318.0,2007.0
345,-0.4,Daniel Ewing,-2.6,-2.3,2746.0,2007.0
326,-1.0,Jae Crowder,-2.5,-1.5,5217.0,2013.0
327,-2.3,Arnett Moultrie,-2.5,-0.3,2019.0,2013.0
331,-1.5,Darius Johnson-Odom,-2.5,-1.1,27.0,2013.0
324,-2.0,Mike Scott,-2.5,-0.5,1504.0,2013.0
323,-0.1,Tyler Zeller,-2.5,-2.4,7651.0,2013.0
321,-0.7,Lance Thomas,-2.5,-1.8,2285.0,2013.0
324,-1.3,Allan Ray,-2.5,-1.1,2850.0,2007.0
327,-1.5,Yaroslav Korolev,-2.5,-1.1,165.0,2007.0
292,-0.9,Donell Taylor,-2.5,-1.5,1709.0,2006.0
328,-1.3,Will Conroy,-2.5,-1.2,194.0,2007.0
330,-1.0,Bobby Jones,-2.5,-1.5,1328.0,2007.0
331,-1.6,Roger Powell,-2.5,-1.0,50.0,2007.0
332,-1.3,Steven Smith,-2.5,-1.2,111.0,2007.0
321,-1.6,Mike Smith,-2.5,-0.9,696.0,2001.0
320,-1.2,Jamal Robinson,-2.5,-1.3,264.0,2001.0
293,-1.3,Anthony Roberson,-2.5,-1.2,285.0,2006.0
332,-1.3,Jermaine Jackson,-2.5,-1.2,794.0,2005.0
297,-1.5,Randy Holcomb,-2.5,-1.0,37.0,2006.0
315,-1.5,Terry Davis,-2.5,-0.9,873.0,2001.0
314,-1.5,Terrance Roberson,-2.5,-0.9,49.0,2001.0
313,-1.8,Juan Dixon,-2.5,-0.7,2549.0,2008.0
321,-1.5,Billy Thomas,-2.5,-1.0,153.0,2008.0
320,-1.5,Quincy Miller,-2.5,-1.0,115.0,2013.0
319,-1.4,Fab Melo,-2.5,-1.1,133.0,2013.0
353,-0.9,JaJuan Johnson,-2.5,-1.7,1113.0,2012.0
352,-1.3,Josh Selby,-2.5,-1.2,931.0,2012.0
351,-1.3,Mickell Gladness,-2.5,-1.3,1002.0,2012.0
318,0.0,Andrew Nicholson,-2.5,-2.5,4753.0,2013.0
323,-1.2,Andre Owens,-2.5,-1.3,1577.0,2008.0
326,-1.1,Luke Babbitt,-2.5,-1.4,540.0,2011.0
321,-1.5,Patrick EwingPatrick Ewing,-2.5,-1.0,69.0,2011.0
325,-1.4,Andy Rautins,-2.5,-1.1,95.0,2011.0
331,-1.5,Oliver Lafayette,-2.5,-1.0,79.0,2010.0
302,-1.7,Jacque Vaughn,-2.5,-0.9,6455.0,2003.0
301,-1.4,Guy Rucker,-2.5,-1.1,15.0,2003.0
300,-1.3,Joseph Forte,-2.5,-1.2,295.0,2003.0
299,-1.3,Brandon Williams,-2.5,-1.2,66.0,2003.0
296,-1.5,Ken Johnson,-2.5,-1.0,584.0,2003.0
305,-1.5,Amal McCaskill,-2.5,-1.1,260.0,2003.0
325,-1.4,James White,-2.5,-1.1,45.0,2009.0
331,-1.5,Hassan Adams,-2.5,-1.0,217.0,2009.0
321,-1.2,Malik Allen,-2.5,-1.4,596.0,2002.0
320,-1.7,Alvin Jones,-2.5,-0.8,465.0,2002.0
319,-1.8,Lee Nailon,-2.5,-0.7,7114.0,2002.0
314,-1.5,Ratko Varda,-2.5,-1.0,23.0,2002.0
306,-1.3,Mengke Bateer,-2.5,-1.2,138.0,2004.0
304,-1.4,Theron Smith,-2.5,-1.0,654.0,2004.0
311,-1.5,Alton Ford,-2.5,-1.1,143.0,2004.0
315,-1.3,Paul Grant,-2.5,-1.2,354.0,2004.0
302,-1.4,Pepe Sanchez,-2.4,-0.9,574.0,2001.0
306,0.2,Rafael Araujo,-2.4,-2.6,994.0,2007.0
307,-1.4,Ivan McFarlin,-2.4,-0.9,170.0,2007.0
321,-1.6,Damir Markota,-2.4,-0.8,667.0,2007.0
315,-1.4,Mike Hall,-2.4,-1.0,54.0,2007.0
312,-0.9,Marcus Williams,-2.4,-1.4,5289.0,2007.0
314,-1.6,Jeremy Richardson,-2.4,-0.8,85.0,2007.0
313,-1.0,Kent Bazemore,-2.4,-1.4,1057.0,2013.0
309,-1.2,Daniel Orton,-2.4,-1.1,411.0,2013.0
308,-2.3,Khris Middleton,-2.4,-0.1,1747.0,2013.0
296,-1.3,Eldridge Recasner,-2.4,-1.1,126.0,2002.0
302,-1.4,William Avery,-2.4,-1.0,969.0,2002.0
305,-1.4,Dickey Simpkins,-2.4,-1.0,12.0,2002.0
307,-1.4,Victor Alexander,-2.4,-1.1,372.0,2002.0
304,-1.4,Andy Panko,-2.4,-1.0,1.0,2001.0
318,-1.0,Aleksandar Radojevic,-2.4,-1.4,482.0,2005.0
320,-1.4,Yuta Tabuse,-2.4,-1.0,79.0,2005.0
323,-1.6,Geno Carlisle,-2.4,-0.9,61.0,2005.0
328,-1.5,Tony Bobbitt,-2.4,-0.9,46.0,2005.0
320,-0.7,Mardy Collins,-2.4,-1.7,3447.0,2009.0
321,-1.4,Walter Sharpe,-2.4,-1.1,83.0,2009.0
315,-0.4,Predrag Drobnjak,-2.4,-2.0,5372.0,2005.0
314,-1.2,Peter John Ramos,-2.4,-1.1,83.0,2005.0
309,-0.4,Todd Fuller,-2.4,-2.0,280.0,2001.0
310,0.6,Shawn Kemp,-2.4,-3.0,3952.0,2001.0
315,-1.3,Perry Jones,-2.4,-1.1,1100.0,2013.0
288,-1.5,Martynas Andriuskevicius,-2.4,-1.0,38.0,2006.0
311,-1.5,Dan McClintock,-2.4,-0.9,229.0,2001.0
311,-1.6,Garret Siler,-2.4,-0.8,420.0,2011.0
312,-1.4,Gani Lawal,-2.4,-1.0,7.0,2011.0
314,-1.3,Antoine Wright,-2.4,-1.2,114.0,2011.0
331,-2.4,Patrick Mills,-2.4,0.1,1047.0,2012.0
338,-1.4,Derrick Byars,-2.4,-1.0,147.0,2012.0
297,-1.3,Tierre Brown,-2.4,-1.1,59.0,2004.0
298,-1.5,Slavko Vranes,-2.4,-0.9,8.0,2004.0
298,-0.1,Michael Doleac,-2.4,-2.3,980.0,2008.0
328,-1.7,Ike Diogu,-2.4,-0.7,53.0,2012.0
282,-1.3,Arvydas Macijauskas,-2.4,-1.2,405.0,2006.0
280,-1.2,Aaron Miles,-2.4,-1.2,456.0,2006.0
286,-1.5,Dean Oliver,-2.4,-1.0,394.0,2003.0
280,-1.5,Chris Owens,-2.4,-0.9,23.0,2003.0
285,-1.4,Terence Morris,-2.4,-1.0,656.0,2006.0
283,-1.3,Corey Benjamin,-2.4,-1.1,524.0,2003.0
320,-0.9,Nathan Jawai,-2.4,-1.5,1669.0,2010.0
303,-1.5,Kaniel Dickens,-2.4,-0.9,39.0,2008.0
310,-1.7,Darius Washington,-2.4,-0.7,580.0,2008.0
306,-1.4,Darryl Watkins,-2.4,-1.0,279.0,2008.0
308,-1.2,Coby Karl,-2.4,-1.2,301.0,2008.0
327,-1.3,Cedric Jackson,-2.4,-1.2,296.0,2010.0
286,-1.3,Troy Bell,-2.3,-1.0,145.0,2004.0
303,-1.5,Garrett Temple,-2.3,-0.9,830.0,2011.0
278,-1.4,Donny Marshall,-2.3,-0.9,25.0,2003.0
283,-1.3,Jerome Beasley,-2.3,-1.0,22.0,2004.0
276,-0.7,Eddie Basden,-2.3,-1.6,537.0,2006.0
275,-1.3,Brandon Armstrong,-2.3,-1.0,268.0,2003.0
274,-0.8,Mark Strickland,-2.3,-1.4,51.0,2003.0
310,-1.4,Brandin Knight,-2.3,-0.9,10.0,2005.0
294,-1.5,Guillermo Diaz,-2.3,-0.8,69.0,2008.0
296,-0.8,Kasib Powell,-2.3,-1.5,1078.0,2008.0
306,-1.3,J.R. Giddens,-2.3,-1.0,26.0,2009.0
304,0.5,Darrell Arthur,-2.3,-2.8,5507.0,2009.0
303,-1.2,Eddie Gill,-2.3,-1.1,178.0,2009.0
302,-1.1,Maurice Ager,-2.3,-1.2,371.0,2009.0
307,-1.2,Dontell Jefferson,-2.3,-1.1,313.0,2009.0
284,-1.6,Ruben Boumtje-Boumtje,-2.3,-0.7,90.0,2004.0
271,-1.6,Nate Huffman,-2.3,-0.7,292.0,2003.0
293,-1.3,Keith Langford,-2.3,-1.0,36.0,2008.0
305,-2.1,Damien Wilkins,-2.3,-0.2,1857.0,2005.0
307,-1.3,Britton Johnsen,-2.3,-1.0,289.0,2005.0
300,-2.1,Sam Jacobson,-2.3,-0.2,217.0,2001.0
291,-1.1,Matt Geiger,-2.3,-1.2,123.0,2002.0
292,-1.8,Harold Jamison,-2.3,-0.5,669.0,2002.0
301,-1.2,Terry Mills,-2.3,-1.2,443.0,2001.0
293,-0.9,J.R. Reid,-2.3,-1.3,157.0,2001.0
323,-1.2,Jerry Smith,-2.3,-1.1,169.0,2012.0
320,-0.3,Timofey Mozgov,-2.3,-2.0,2719.0,2012.0
274,-1.2,Qyntel Woods,-2.3,-1.1,3578.0,2006.0
311,-1.4,Taylor Griffin,-2.3,-0.9,126.0,2010.0
319,-1.4,Luke Harangody,-2.3,-0.9,852.0,2012.0
307,-1.4,Henry Sims,-2.3,-0.9,17.0,2013.0
305,-1.4,Tyler Honeycutt,-2.3,-0.9,124.0,2013.0
304,-1.5,Kris Joseph,-2.3,-0.8,203.0,2013.0
303,-1.4,Viacheslav Kravtsov,-2.3,-0.9,868.0,2013.0
300,-0.9,Jeremy Tyler,-2.3,-1.4,262.0,2013.0
306,-2.7,Chris Copeland,-2.3,0.4,3261.0,2013.0
317,-1.3,Xavier Silas,-2.3,-1.0,146.0,2012.0
292,-2.1,Lynn Greer,-2.3,-0.1,1720.0,2007.0
294,-1.3,James Robinson,-2.3,-1.0,194.0,2001.0
295,-1.6,Chris Garner,-2.3,-0.6,530.0,2001.0
297,0.0,Adam Keefe,-2.3,-2.3,3194.0,2001.0
304,-1.4,Dajuan Wagner,-2.3,-0.9,27.0,2007.0
300,-1.4,Chris McCray,-2.3,-1.0,48.0,2007.0
288,-1.4,Dexter Pittman,-2.2,-0.8,43.0,2011.0
287,-1.2,Pape Sy,-2.2,-0.9,84.0,2011.0
297,-1.3,Justin Dentmon,-2.2,-0.9,13.0,2013.0
284,-1.1,Mustafa Shakur,-2.2,-1.1,616.0,2011.0
294,-0.6,Kyle Singler,-2.2,-1.6,8513.0,2013.0
290,-1.4,John Coker,-2.2,-0.9,123.0,2001.0
287,-0.9,Mark Bryant,-2.2,-1.3,401.0,2001.0
283,0.2,Zan Tabak,-2.2,-2.4,2863.0,2001.0
299,-1.4,Joe Alexander,-2.2,-0.7,123.0,2010.0
302,-1.3,Antonio Anderson,-2.2,-0.9,64.0,2010.0
306,-1.3,Trey Gilder,-2.2,-1.0,23.0,2010.0
293,-1.4,Orien Greene,-2.2,-0.8,19.0,2011.0
298,-1.3,Steven Hill,-2.2,-0.9,12.0,2009.0
285,-0.6,Jason Caffey,-2.2,-1.7,1037.0,2002.0
288,-0.8,Chucky Brown,-2.2,-1.4,386.0,2002.0
288,-1.1,Robert Hite,-2.2,-1.1,522.0,2007.0
287,-1.5,Dijon Thompson,-2.2,-0.8,193.0,2007.0
286,-0.3,Junior Harrington,-2.2,-1.9,2224.0,2007.0
283,-1.3,Kevinn Pinkney,-2.2,-0.9,395.0,2007.0
281,-1.4,James Lang,-2.2,-0.8,210.0,2007.0
278,-1.2,Sean Marks,-2.2,-0.9,77.0,2007.0
288,-1.4,Marcus Vinicius,-2.2,-0.8,279.0,2008.0
271,-1.2,Desmond Penigar,-2.2,-1.0,259.0,2004.0
273,-1.2,Cezary Trybanski,-2.2,-0.9,45.0,2004.0
276,-1.0,Hiram Fuller,-2.2,-1.2,158.0,2004.0
280,-1.1,Tang Hamilton,-2.2,-1.1,354.0,2002.0
281,-2.2,Mike Penberthy,-2.2,-0.0,51.0,2002.0
285,-1.1,Kosta Perovic,-2.2,-1.2,159.0,2008.0
303,-1.3,Ryan Reid,-2.2,-0.9,63.0,2012.0
298,-1.4,Gordan Giricek,-2.2,-0.9,6006.0,2005.0
295,-1.2,Alex Garcia,-2.2,-1.0,521.0,2005.0
291,-1.4,Mark Pope,-2.2,-0.8,106.0,2005.0
288,-0.9,Malik Hairston,-2.2,-1.2,585.0,2009.0
291,-1.2,Dee BrownDee Brown,-2.2,-1.0,1010.0,2009.0
264,-1.2,Chris Taft,-2.2,-1.0,546.0,2006.0
289,-1.2,Joe Crawford,-2.2,-1.0,83.0,2009.0
263,-1.4,Ha Seung-Jin,-2.2,-0.8,658.0,2006.0
293,-1.2,Maurice Baker,-2.2,-0.9,66.0,2005.0
294,-1.3,Josh Davis,-2.2,-0.9,1247.0,2005.0
296,-1.3,Jawad Williams,-2.2,-0.9,77.0,2009.0
303,-0.2,Samaki Walker,-2.2,-2.1,473.0,2005.0
302,-1.0,Horace Jenkins,-2.2,-1.3,312.0,2005.0
276,-1.5,Taurean Green,-2.1,-0.6,304.0,2008.0
302,-1.4,Jannero Pargo,-2.1,-0.8,2516.0,2012.0
269,-1.3,Chris Jefferies,-2.1,-0.9,768.0,2004.0
264,-1.1,Dan Langhi,-2.1,-1.1,132.0,2004.0
290,-1.0,Paul Davis,-2.1,-1.1,33.0,2010.0
299,-1.4,Jerome Jordan,-2.1,-0.8,442.0,2012.0
295,-1.3,Andre Emmett,-2.1,-0.8,157.0,2012.0
255,-0.2,Chris Childs,-2.1,-1.9,407.0,2003.0
290,-1.2,Mychel Thompson,-2.1,-0.9,342.0,2012.0
289,-1.2,Carldell Johnson,-2.1,-0.9,439.0,2012.0
288,-2.1,Gary Forbes,-2.1,0.0,2655.0,2012.0
294,-0.7,Chris Richard,-2.1,-1.4,876.0,2010.0
301,-1.0,Chris WrightChris Wright,-2.1,-1.1,741.0,2012.0
297,-1.6,Roko Ukic,-2.1,-0.5,371.0,2010.0
261,-1.5,Chris Crawford,-2.1,-0.6,141.0,2003.0
276,-1.3,Leon Smith,-2.1,-0.8,389.0,2002.0
258,-1.3,Mitchell Butler,-2.1,-0.8,2070.0,2004.0
256,-1.4,Mario Kasun,-2.1,-0.7,784.0,2006.0
273,-0.7,Cedric Bozeman,-2.1,-1.4,797.0,2007.0
281,-1.7,Marcus WilliamsMarcus Williams,-2.1,-0.4,31.0,2009.0
259,-1.2,Desmond Ferguson,-2.1,-0.9,100.0,2004.0
288,-1.5,Tamar Slay,-2.1,-0.7,216.0,2005.0
286,-1.8,Justin Reed,-2.1,-0.4,430.0,2005.0
285,-1.5,Michael Bradley,-2.1,-0.6,448.0,2005.0
276,-1.5,Pape Sow,-2.1,-0.6,960.0,2005.0
270,-1.1,Sam Mack,-2.1,-1.0,580.0,2002.0
269,-1.2,Rodney White,-2.1,-0.9,496.0,2002.0
262,-0.0,Art Long,-2.1,-2.0,3607.0,2002.0
291,-1.2,Tornike Shengelia,-2.1,-1.0,358.0,2013.0
292,-1.7,Quincy Pondexter,-2.1,-0.5,4684.0,2013.0
276,-2.2,Elliot Perry,-2.1,0.0,1974.0,2001.0
273,-1.5,Michael Hawkins,-2.1,-0.6,272.0,2001.0
271,-1.1,Tom Hammonds,-2.1,-1.0,124.0,2001.0
267,-0.8,Cory Alexander,-2.1,-1.3,878.0,2001.0
277,1.0,Kevin Willis,-2.1,-3.1,3087.0,2002.0
284,-1.5,Wayne Ellington,-2.1,-0.5,6179.0,2013.0
287,-1.6,Alexey Shved,-2.1,-0.5,6998.0,2013.0
242,0.3,Jackson Vroman,-2.0,-2.3,605.0,2006.0
244,-1.2,Pavel Podkolzin,-2.0,-0.8,66.0,2006.0
250,-1.3,Awvee Storey,-2.0,-0.7,442.0,2006.0
248,-0.9,John Thomas,-2.0,-1.1,437.0,2006.0
286,-0.7,Derrick Brown,-2.0,-1.3,2035.0,2010.0
283,0.1,Jan Vesely,-2.0,-2.1,4095.0,2012.0
280,-1.1,Darington Hobson,-2.0,-0.9,147.0,2012.0
278,-1.3,Solomon Alabi,-2.0,-0.7,464.0,2012.0
277,-1.3,Vernon Macklin,-2.0,-0.6,542.0,2012.0
276,-1.1,Trey Johnson,-2.0,-0.9,227.0,2012.0
273,-2.1,Jose Barea,-2.0,0.1,6022.0,2009.0
275,-1.1,Blake Ahearn,-2.0,-1.0,77.0,2009.0
276,-1.7,Chris Douglas-Roberts,-2.0,-0.3,2149.0,2009.0
269,-0.7,Marreese Speights,-2.0,-1.3,2841.0,2011.0
285,-1.2,Jeff Foote,-2.0,-0.8,150.0,2012.0
286,-1.3,Jon Leuer,-2.0,-0.8,2174.0,2012.0
287,-1.2,Keith Benson,-2.0,-0.8,31.0,2012.0
280,-0.8,Aron Baynes,-2.0,-1.2,593.0,2013.0
279,-1.2,Justin Holiday,-2.0,-0.8,540.0,2013.0
278,-1.1,Bradley Beal,-2.0,-0.9,6524.0,2013.0
276,-0.3,Evan Turner,-2.0,-1.6,10887.0,2013.0
259,-2.6,Sasha Pavlovic,-2.0,0.6,6093.0,2007.0
261,-1.2,Julius Hodge,-2.0,-0.8,266.0,2007.0
267,-0.3,Andre Brown,-2.0,-1.7,1084.0,2007.0
269,-0.3,Esteban Batista,-2.0,-1.7,323.0,2007.0
267,-1.2,James Augustine,-2.0,-0.8,578.0,2008.0
287,-1.3,Marcus Landry,-2.0,-0.7,439.0,2010.0
266,-1.5,LaPhonso Ellis,-2.0,-0.6,7200.0,2001.0
247,-1.1,Maurice Carter,-2.0,-0.9,381.0,2004.0
264,-1.1,Jamel Thomas,-2.0,-0.9,218.0,2001.0
273,-1.0,Ansu Sesay,-2.0,-1.0,483.0,2005.0
262,-1.2,Luis Flores,-2.0,-0.8,280.0,2005.0
272,-1.2,Marcus Haislip,-2.0,-0.9,365.0,2005.0
258,-1.1,Shawnelle Scott,-2.0,-0.9,919.0,2002.0
259,-1.5,Isaiah Rider,-2.0,-0.5,638.0,2002.0
270,-1.4,Mark Jones,-2.0,-0.7,445.0,2005.0
260,-1.4,Soumaila Samake,-2.0,-0.6,851.0,2001.0
261,-1.3,Chris Gatling,-2.0,-0.6,6172.0,2001.0
244,-1.1,Shane Heal,-2.0,-0.8,251.0,2004.0
259,-1.3,Milt Palacio,-1.9,-0.6,5548.0,2005.0
254,-1.7,Vinny Del Negro,-1.9,-0.2,18.0,2002.0
253,-0.6,Cedric Henderson,-1.9,-1.2,280.0,2002.0
270,0.4,Cole Aldrich,-1.9,-2.3,1568.0,2013.0
269,-1.5,Kevin Jones,-1.9,-0.4,1250.0,2013.0
263,-1.2,Courtney Sims,-1.9,-0.7,55.0,2009.0
252,-1.2,Kirk Penney,-1.9,-0.6,43.0,2005.0
268,-0.9,Manny Harris,-1.9,-0.9,1695.0,2012.0
274,-1.2,Hamady N'Diaye,-1.9,-0.7,12.0,2012.0
258,-1.1,Ruben Garces,-1.9,-0.8,309.0,2001.0
255,-1.4,Muggsy Bogues,-1.9,-0.5,130.0,2001.0
254,-0.8,Vitaly Potapenko,-1.9,-1.1,7099.0,2001.0
253,-1.2,Lari Ketner,-1.9,-0.7,21.0,2001.0
252,-3.0,George McCloud,-1.9,1.1,7493.0,2001.0
251,-1.1,Pervis Ellison,-1.9,-0.8,157.0,2001.0
249,-1.7,Lawrence Funderburke,-1.9,-0.2,2653.0,2001.0
248,-1.9,Brent Price,-1.9,0.0,122.0,2001.0
267,-1.4,Gerald Green,-1.9,-0.5,2966.0,2012.0
238,-0.4,Robert Archibald,-1.9,-1.4,905.0,2004.0
242,-1.1,Paul Shirley,-1.9,-0.9,315.0,2004.0
256,-0.7,Dahntay Jones,-1.9,-1.2,812.0,2008.0
261,-1.7,Zarko Cabarkapa,-1.9,-0.2,1810.0,2005.0
255,-1.1,Renaldo Major,-1.9,-0.8,123.0,2007.0
253,-1.2,Desmon Farmer,-1.9,-0.7,137.0,2007.0
251,-1.5,Chris Mills,-1.9,-0.4,1001.0,2003.0
250,-0.5,Dalibor Bagaric,-1.9,-1.4,305.0,2003.0
248,-1.8,Oscar Torres,-1.9,-0.1,395.0,2003.0
245,-1.6,Marcus Fizer,-1.9,-0.3,3002.0,2003.0
242,-0.7,Vincent Yarbrough,-1.9,-1.2,5210.0,2003.0
238,-1.0,Bernard Robinson,-1.9,-0.9,2423.0,2006.0
235,0.5,Quinton Ross,-1.9,-2.4,5471.0,2006.0
275,-1.5,Kareem Rush,-1.9,-0.4,215.0,2010.0
245,-0.8,Stephane Lasme,-1.8,-1.0,1063.0,2008.0
244,-2.3,Maurice Evans,-1.8,0.5,6669.0,2008.0
260,-0.3,Derrick Williams,-1.8,-1.6,7349.0,2013.0
261,-1.2,DaJuan Summers,-1.8,-0.6,26.0,2013.0
231,-1.1,Torraye Braggs,-1.8,-0.8,534.0,2004.0
224,-1.5,Frank Williams,-1.8,-0.3,2563.0,2004.0
254,-0.3,Iman Shumpert,-1.8,-1.5,6619.0,2012.0
256,-0.5,Jerome Dyson,-1.8,-1.3,658.0,2012.0
257,-1.0,Shelvin Mack,-1.8,-0.8,2883.0,2012.0
242,-1.5,Brandon Hunter,-1.8,-0.3,830.0,2005.0
263,-0.7,David Andersen,-1.8,-1.1,3458.0,2010.0
259,1.0,Draymond Green,-1.8,-2.8,4210.0,2013.0
244,-1.1,Alex Acker,-1.8,-0.7,773.0,2009.0
241,-1.0,Calbert Cheaney,-1.8,-0.8,543.0,2001.0
243,-1.2,Avery Johnson,-1.8,-0.7,4638.0,2001.0
244,2.2,Chris Dudley,-1.8,-4.0,2293.0,2001.0
246,0.3,Cherokee Parks,-1.8,-2.2,3847.0,2001.0
247,0.3,Jerome Kersey,-1.8,-2.2,936.0,2001.0
222,-0.8,Charles Smith,-1.8,-0.9,670.0,2006.0
246,-1.4,Andre Barrett,-1.8,-0.4,126.0,2007.0
250,0.2,Hilton Armstrong,-1.8,-2.1,2423.0,2007.0
248,-0.1,Jarvis Hayes,-1.8,-1.6,6842.0,2009.0
233,-0.1,Felipe Lopez,-1.8,-1.6,6011.0,2001.0
236,0.3,Travis Knight,-1.8,-2.1,905.0,2001.0
256,-1.1,Demetris Nichols,-1.8,-0.7,56.0,2009.0
253,-2.0,Roger Mason,-1.8,0.2,9132.0,2009.0
250,-0.5,Maceo Baston,-1.8,-1.3,886.0,2009.0
249,-0.6,Pops Mensah-Bonsu,-1.8,-1.1,1145.0,2009.0
238,-1.2,Antonio Harvey,-1.8,-0.6,137.0,2003.0
247,-1.2,Stanislav Medvedenko,-1.8,-0.5,2773.0,2002.0
237,-2.0,A.J. Guyton,-1.8,0.2,31.0,2003.0
249,-1.6,Daequan Cook,-1.8,-0.2,2307.0,2011.0
247,-0.9,Wesley Johnson,-1.8,-0.9,8383.0,2011.0
227,-0.5,Lonny Baxter,-1.8,-1.3,1143.0,2006.0
225,-1.3,James Thomas,-1.8,-0.5,573.0,2006.0
251,-1.7,Earl Barron,-1.7,0.0,873.0,2010.0
234,-0.8,Luke Jackson,-1.7,-0.9,847.0,2008.0
245,0.3,Damion James,-1.7,-2.0,623.0,2012.0
230,-1.8,Robert Pack,-1.7,0.1,4891.0,2001.0
227,0.4,Billy Owens,-1.7,-2.0,3117.0,2001.0
249,-1.2,Morris Almond,-1.7,-0.5,253.0,2012.0
254,-2.4,Rodrigue Beaubois,-1.7,0.7,2807.0,2010.0
219,0.6,Corie Blount,-1.7,-2.3,3888.0,2004.0
228,-1.1,Jeff Trepagnier,-1.7,-0.6,378.0,2003.0
256,-0.5,Malcolm Lee,-1.7,-1.2,1098.0,2013.0
249,-2.8,Dion Waiters,-1.7,1.1,6610.0,2013.0
248,1.0,Festus Ezeli,-1.7,-2.6,4363.0,2013.0
241,-0.6,Larry Owens,-1.7,-1.1,566.0,2011.0
237,-1.0,Mike Harris,-1.7,-0.6,60.0,2011.0
243,-0.0,Marquis Daniels,-1.7,-1.7,6867.0,2009.0
242,-1.2,Mouhamed Sene,-1.7,-0.5,124.0,2009.0
224,-0.7,Randy Brown,-1.7,-1.0,941.0,2003.0
238,-0.7,Tarence Kinsey,-1.7,-1.0,389.0,2008.0
217,-1.2,Mike Wilks,-1.7,-0.5,489.0,2004.0
214,-1.2,Jonathan Bender,-1.7,-0.5,965.0,2004.0
221,-1.0,Jiri Welsch,-1.7,-0.8,8252.0,2004.0
239,-0.3,Brian Scalabrine,-1.7,-1.5,4075.0,2005.0
231,-1.4,Jaren Jackson,-1.7,-0.3,438.0,2001.0
232,-2.8,Anthony Goldwire,-1.7,1.1,1940.0,2005.0
234,-1.3,Ndudi Ebi,-1.7,-0.4,197.0,2005.0
235,-1.6,Ben Handlogten,-1.7,-0.1,1054.0,2005.0
237,-1.2,Omar Cook,-1.7,-0.5,288.0,2005.0
223,-0.3,Bryant Stith,-1.6,-1.3,9437.0,2001.0
223,-1.4,Mateen Cleaves,-1.6,-0.2,231.0,2005.0
216,-1.0,David Wingate,-1.6,-0.6,32.0,2001.0
218,-1.3,Don MacLean,-1.6,-0.3,306.0,2001.0
219,0.7,Derrick McKey,-1.6,-2.3,3552.0,2001.0
220,-1.3,David Vanterpool,-1.6,-0.3,1580.0,2001.0
222,-1.8,Todd Day,-1.6,0.2,1287.0,2001.0
217,-0.0,Danny Manning,-1.6,-1.5,4648.0,2001.0
233,-3.3,D.J. Augustin,-1.6,1.7,10365.0,2011.0
232,-2.7,Will Bynum,-1.6,1.1,2880.0,2009.0
229,-0.8,Othello Hunter,-1.6,-0.8,350.0,2009.0
227,-0.8,Cheikh Samb,-1.6,-0.8,325.0,2009.0
231,-0.9,Willie Warren,-1.6,-0.7,511.0,2011.0
229,-0.5,Michael Beasley,-1.6,-1.0,9552.0,2011.0
242,0.6,Yi Jianlian,-1.6,-2.1,6283.0,2010.0
249,-0.9,Randolph Morris,-1.6,-0.7,520.0,2010.0
216,-0.8,Tariq Abdul-Wahad,-1.6,-0.8,797.0,2003.0
223,-1.1,Ronald Dupree,-1.6,-0.5,75.0,2008.0
222,-1.1,Stephen Graham,-1.6,-0.5,538.0,2008.0
238,-0.8,Bruno Sundov,-1.6,-0.8,346.0,2002.0
237,-0.9,Michael Stewart,-1.6,-0.7,316.0,2002.0
236,-0.2,Dean Garrett,-1.6,-1.4,723.0,2002.0
232,-0.9,Erick Barkley,-1.6,-0.6,817.0,2002.0
209,0.0,Jim Jackson,-1.6,-1.7,11203.0,2004.0
233,-1.2,Patrick O'Bryant,-1.6,-0.5,500.0,2007.0
230,-0.9,Jeff Pendergraph,-1.6,-0.7,1520.0,2013.0
231,-1.5,Dominique Jones,-1.6,-0.1,1266.0,2013.0
234,-1.6,Patrick Patterson,-1.6,-0.0,7006.0,2013.0
235,-0.4,Brandon Knight,-1.6,-1.2,8757.0,2013.0
236,-0.0,Samardo Samuels,-1.6,-1.6,756.0,2013.0
237,-2.0,Alec Burks,-1.6,0.4,4263.0,2013.0
239,-1.1,Chris JohnsonChris Johnson,-1.6,-0.5,379.0,2013.0
240,-0.5,Austin Daye,-1.6,-1.1,2496.0,2013.0
213,0.7,Robert Swift,-1.6,-2.3,3545.0,2006.0
241,-0.6,Dante Cunningham,-1.6,-1.0,2645.0,2010.0
229,-0.3,Matt Freije,-1.6,-1.3,610.0,2007.0
223,-1.4,Walter Herrmann,-1.6,-0.2,3742.0,2007.0
214,-3.3,Troy Hudson,-1.5,1.7,9896.0,2003.0
215,-2.3,Reggie Williams,-1.5,0.9,6388.0,2011.0
200,-1.0,Jason Collier,-1.5,-0.6,2032.0,2004.0
227,-0.4,P.J. Tucker,-1.5,-1.1,7310.0,2013.0
215,0.5,Luc Longley,-1.5,-2.0,1054.0,2001.0
214,-1.2,Gary Grant,-1.5,-0.3,66.0,2001.0
213,0.4,Sean Elliott,-1.5,-1.9,4490.0,2001.0
209,-0.2,Vin Baker,-1.5,-1.3,7857.0,2001.0
219,-0.3,Armon Johnson,-1.5,-1.1,483.0,2012.0
226,-1.0,Steve Goodrich,-1.5,-0.5,180.0,2002.0
229,-1.0,Ira Bowman,-1.5,-0.5,107.0,2002.0
231,-1.0,Tim James,-1.5,-0.5,146.0,2002.0
228,-0.1,Ira Newble,-1.5,-1.4,4774.0,2002.0
225,0.3,Donte Greene,-1.5,-1.8,3105.0,2012.0
223,2.2,Didier Ilunga-Mbenga,-1.5,-3.7,1212.0,2011.0
218,-1.2,Alando Tucker,-1.5,-0.3,1151.0,2009.0
229,0.9,Dominic McGuire,-1.5,-2.4,4329.0,2012.0
226,1.9,Chris Singleton,-1.5,-3.4,5498.0,2012.0
213,-0.4,Viktor Khryapa,-1.5,-1.1,411.0,2008.0
222,-0.5,Anthony Carter,-1.5,-1.0,2606.0,2005.0
236,-1.5,Acie Law,-1.5,0.0,930.0,2010.0
233,-1.1,D.J. White,-1.5,-0.3,402.0,2010.0
220,-1.0,Damone Brown,-1.5,-0.5,590.0,2005.0
210,0.1,Fabricio Oberto,-1.5,-1.5,6104.0,2008.0
214,-0.6,Nick Fazekas,-1.5,-0.9,996.0,2008.0
239,-0.4,Oleksiy Pecherov,-1.5,-1.1,1800.0,2010.0
199,-1.1,Anthony Grundy,-1.5,-0.4,422.0,2006.0
201,-1.4,Donta Smith,-1.5,-0.1,488.0,2006.0
230,-0.2,Rodney Carney,-1.4,-1.2,3294.0,2010.0
224,-1.8,Marco Belinelli,-1.4,0.4,4395.0,2010.0
216,0.1,Avery Bradley,-1.4,-1.5,5118.0,2012.0
202,1.3,Grant Long,-1.4,-2.7,5568.0,2001.0
204,-2.0,Greg Anthony,-1.4,0.6,3082.0,2001.0
218,-1.8,Tyronn Lue,-1.4,0.4,5308.0,2002.0
198,-1.3,Etdrick Bohannon,-1.4,-0.1,65.0,2001.0
213,0.3,Mark Madsen,-1.4,-1.8,463.0,2009.0
209,-0.8,Shawne Williams,-1.4,-0.6,5211.0,2011.0
198,-0.8,Igor Rakocevic,-1.4,-0.6,914.0,2003.0
206,-1.1,Monty Williams,-1.4,-0.3,1072.0,2003.0
197,-1.2,Sarunas Jasikevicius,-1.4,-0.2,5662.0,2006.0
207,2.7,Olden Polynice,-1.4,-4.2,5957.0,2001.0
206,0.7,Tom Gugliotta,-1.4,-2.2,4393.0,2001.0
194,2.2,Francisco Elson,-1.4,-3.6,5806.0,2006.0
219,0.4,J.J. Hickson,-1.4,-1.8,8682.0,2013.0
208,0.6,Linton Johnson,-1.4,-2.0,2842.0,2007.0
205,-0.9,Justin Williams,-1.4,-0.5,482.0,2008.0
210,-2.2,Darren Collison,-1.3,0.9,9054.0,2013.0
209,-3.6,J.J. Redick,-1.3,2.4,9155.0,2013.0
208,-1.2,Julyan Stone,-1.3,-0.0,100.0,2013.0
216,-1.0,Dee Brown,-1.3,-0.3,262.0,2002.0
186,-2.8,Jeff McInnis,-1.3,1.4,8676.0,2004.0
188,-1.1,Kedrick Brown,-1.3,-0.2,3545.0,2004.0
189,0.4,Daniel Santiago,-1.3,-1.7,2602.0,2004.0
201,-3.3,Sasha Vujacic,-1.3,2.0,4958.0,2008.0
217,-1.1,Malcolm Thomas,-1.3,-0.3,199.0,2013.0
195,-1.4,Jordan Farmar,-1.3,0.2,6675.0,2008.0
202,-1.1,Kirk Snyder,-1.3,-0.3,2944.0,2008.0
214,0.2,Harrison Barnes,-1.3,-1.5,8311.0,2013.0
215,-0.3,DeMar DeRozan,-1.3,-1.0,11080.0,2013.0
214,-0.4,Derrick Dial,-1.3,-0.9,1094.0,2002.0
209,-1.5,Larry Robinson,-1.3,0.2,42.0,2002.0
212,0.5,Jonas Valanciunas,-1.3,-1.7,5478.0,2013.0
204,-0.2,Thomas Gardner,-1.3,-1.1,383.0,2009.0
193,-1.1,Bryce Drew,-1.3,-0.2,301.0,2003.0
193,-0.9,Mario West,-1.3,-0.4,439.0,2011.0
209,-0.5,Kelenna Azubuike,-1.3,-0.8,9788.0,2009.0
216,-0.8,Chris Hunter,-1.3,-0.5,3250.0,2010.0
200,-0.9,Marc Jackson,-1.3,-0.5,7544.0,2005.0
209,-0.8,Hassan Whiteside,-1.3,-0.6,428.0,2012.0
206,-0.6,Ben Uzoh,-1.3,-0.7,1309.0,2012.0
205,-1.3,Jordan Hamilton,-1.3,0.0,1014.0,2012.0
204,0.5,Markieff Morris,-1.3,-1.7,4711.0,2012.0
194,-1.5,Michael Dickerson,-1.3,0.2,9954.0,2001.0
191,1.8,Bryant Reeves,-1.3,-3.0,6946.0,2001.0
190,-1.8,Charlie Bell,-1.2,0.6,4726.0,2006.0
183,0.9,Kendall Gill,-1.2,-2.1,3454.0,2001.0
184,0.5,Will Perdue,-1.2,-1.7,217.0,2001.0
185,-0.5,Matt Maloney,-1.2,-0.7,5144.0,2001.0
186,-2.3,Voshon Lenard,-1.2,1.1,8763.0,2001.0
187,-1.6,Glen Rice,-1.2,0.4,7664.0,2001.0
207,-0.6,Kyle O'Quinn,-1.2,-0.6,2447.0,2013.0
204,0.2,Bernard James,-1.2,-1.4,1799.0,2013.0
181,-0.9,Zendon Hamilton,-1.2,-0.3,1720.0,2004.0
180,-0.9,Jamison Brewer,-1.2,-0.3,503.0,2004.0
192,-0.6,Obinna Ekezie,-1.2,-0.5,551.0,2002.0
196,-0.4,Jeff Green,-1.2,-0.8,11282.0,2009.0
199,-1.5,Von Wafer,-1.2,0.3,4697.0,2009.0
198,1.0,Rasual Butler,-1.2,-2.2,8638.0,2007.0
192,-1.1,Alan Anderson,-1.2,-0.1,5286.0,2007.0
199,0.5,Lavoy Allen,-1.2,-1.6,2279.0,2012.0
201,-0.9,Jason Kapono,-1.2,-0.3,975.0,2012.0
187,-0.8,Jabari Smith,-1.1,-0.2,748.0,2002.0
190,-0.1,Zeljko Rebraca,-1.1,-1.0,4334.0,2002.0
174,-1.2,Casey Jacobsen,-1.1,0.1,4287.0,2003.0
196,-2.4,Marcus Thornton,-1.1,1.3,7073.0,2012.0
172,-0.3,Anthony Peeler,-1.1,-0.8,5222.0,2004.0
189,-1.0,Devin Brown,-1.1,-0.1,6487.0,2007.0
200,0.2,Jared Sullinger,-1.1,-1.3,3261.0,2013.0
187,-0.6,Luke Schenscher,-1.1,-0.5,472.0,2007.0
179,-1.0,Cal Bowdler,-1.1,-0.2,1413.0,2001.0
174,-0.4,Jamie Feick,-1.1,-0.6,561.0,2001.0
183,-0.6,Jon Brockman,-1.1,-0.5,2552.0,2011.0
180,-2.9,Shammond Williams,-1.1,1.8,4552.0,2001.0
189,-0.6,Hakim Warrick,-1.1,-0.5,7663.0,2009.0
183,-0.3,Kyle Weaver,-1.1,-0.8,4610.0,2009.0
175,-0.6,Anthony Miller,-1.1,-0.5,40.0,2001.0
202,-1.8,Sergio Rodriguez,-1.1,0.7,4191.0,2010.0
182,0.8,Alexis Ajinca,-1.0,-1.8,1339.0,2011.0
168,-0.8,Fred Jones,-1.0,-0.2,5234.0,2004.0
170,-0.9,Sean Lampley,-1.0,-0.1,232.0,2004.0
181,-1.4,Sebastian Telfair,-1.0,0.3,8003.0,2009.0
193,0.8,Kevin Seraphin,-1.0,-1.8,4464.0,2012.0
192,-1.4,Lester Hudson,-1.0,0.4,1243.0,2012.0
170,-1.5,Howard Eisley,-1.0,0.5,8315.0,2003.0
171,-2.8,Allan Houston,-1.0,1.8,11631.0,2003.0
172,-0.7,Dion Glover,-1.0,-0.3,7045.0,2003.0
173,1.8,Jelani McCoy,-1.0,-2.9,4257.0,2001.0
172,-0.2,Shandon Anderson,-1.0,-0.8,8908.0,2001.0
171,-0.7,Felton Spencer,-1.0,-0.3,396.0,2001.0
169,-1.9,Glenn Robinson,-1.0,0.9,10826.0,2001.0
179,-1.4,Eddie House,-1.0,0.4,5558.0,2009.0
179,-1.6,Pat Garrity,-1.0,0.6,9083.0,2002.0
182,-2.3,Travis Diener,-1.0,1.3,2902.0,2009.0
180,-1.2,Trajan Langdon,-1.0,0.2,1830.0,2002.0
184,-2.2,John Crotty,-1.0,1.2,2943.0,2002.0
183,0.3,Darvin Ham,-1.0,-1.3,4461.0,2002.0
173,0.1,Marcus Banks,-1.0,-1.1,4232.0,2005.0
184,-0.9,Luther Head,-1.0,-0.1,5187.0,2008.0
184,0.9,Sean Williams,-1.0,-1.9,898.0,2010.0
187,-1.0,A.J. Price,-1.0,0.0,3531.0,2010.0
195,-2.0,Toney Douglas,-1.0,1.0,5076.0,2013.0
190,1.2,Ivan Johnson,-1.0,-2.2,4089.0,2013.0
175,-0.8,Jason Hart,-1.0,-0.2,3639.0,2005.0
181,-0.2,Primoz Brezec,-1.0,-0.8,4454.0,2005.0
180,-1.5,Rashad McCants,-1.0,0.5,7737.0,2008.0
178,-1.4,Linas Kleiza,-1.0,0.5,7832.0,2008.0
166,-0.6,Rick Brunson,-0.9,-0.4,7049.0,2005.0
181,-0.8,Greg Smith,-0.9,-0.1,4422.0,2013.0
165,0.8,Jamal Sampson,-0.9,-1.7,626.0,2005.0
185,-1.0,Arron Afflalo,-0.9,0.2,8151.0,2012.0
173,-0.8,Brandon Bass,-0.9,-0.1,5997.0,2009.0
177,-0.9,Jeremy Evans,-0.9,-0.0,1765.0,2011.0
179,-1.4,Jodie Meeks,-0.9,0.4,7961.0,2011.0
172,-1.5,Matt Carroll,-0.9,0.6,2691.0,2006.0
162,-0.1,Walter McCarty,-0.9,-0.8,7273.0,2003.0
163,3.1,Patrick Ewing,-0.9,-4.0,7890.0,2001.0
161,-0.3,Hersey Hawkins,-0.9,-0.6,2475.0,2001.0
160,1.0,Mario Elie,-0.9,-1.9,5667.0,2001.0
159,2.1,A.C. Green,-0.9,-3.0,5037.0,2001.0
157,-1.2,Laron Profit,-0.9,0.3,2357.0,2001.0
163,1.4,Jerome Moiso,-0.9,-2.3,2362.0,2003.0
180,-1.5,Bostjan Nachbar,-0.9,0.6,6179.0,2007.0
182,-0.4,Lance Stephenson,-0.9,-0.5,8626.0,2013.0
186,-0.9,Gerald Henderson,-0.9,-0.0,8049.0,2013.0
187,-0.9,Jordan Hill,-0.9,-0.0,1771.0,2013.0
188,-0.4,Shaun Livingston,-0.9,-0.5,5480.0,2013.0
178,-0.2,Lavor Postell,-0.9,-0.8,660.0,2002.0
177,-1.1,Brian Shaw,-0.9,0.2,2362.0,2002.0
160,-2.9,Carlos Arroyo,-0.9,2.0,7160.0,2004.0
159,1.0,Jake Voskuhl,-0.9,-1.9,6135.0,2004.0
173,0.0,Dwayne Jones,-0.9,-1.0,1782.0,2008.0
182,0.9,James Singleton,-0.9,-1.8,1497.0,2007.0
153,0.4,Sam Perkins,-0.8,-1.2,3630.0,2001.0
150,-0.2,Chris Mullin,-0.8,-0.6,1461.0,2001.0
161,-1.3,DeShawn Stevenson,-0.8,0.4,9654.0,2008.0
169,-1.9,Randy Foye,-0.8,1.1,9581.0,2009.0
160,0.1,Greg Buckner,-0.8,-0.9,6456.0,2006.0
162,1.3,Mike Sweetney,-0.8,-2.1,4438.0,2006.0
164,0.5,Adrian Griffin,-0.8,-1.4,4475.0,2006.0
162,-0.4,Ronnie Price,-0.8,-0.5,2236.0,2008.0
155,-0.0,Ron Harper,-0.8,-0.8,4279.0,2001.0
175,-2.5,Aaron Brooks,-0.8,1.7,11451.0,2010.0
167,1.1,Aaron Williams,-0.8,-1.9,5764.0,2002.0
171,-1.1,Eric Maynor,-0.8,0.3,4572.0,2011.0
183,-2.8,Jerryd Bayless,-0.8,2.0,2623.0,2012.0
164,-1.6,Luke Ridnour,-0.8,0.9,8714.0,2011.0
165,-1.4,Cartier Martin,-0.8,0.6,2102.0,2011.0
168,-1.1,Daniel Gibson,-0.8,0.3,7237.0,2011.0
146,-1.5,Eddie Robinson,-0.7,0.8,4421.0,2001.0
145,-0.3,Nick Anderson,-0.7,-0.5,652.0,2001.0
171,0.2,Tyler Hansbrough,-0.7,-0.8,5121.0,2013.0
170,3.4,Greg Stiemsma,-0.7,-4.1,4631.0,2013.0
147,1.7,Don Reid,-0.7,-2.4,2884.0,2001.0
143,1.0,Tyrone Hill,-0.7,-1.7,8699.0,2001.0
176,-0.1,John Henson,-0.7,-0.6,3240.0,2013.0
160,-1.5,Tony Delk,-0.7,0.9,5543.0,2002.0
161,1.4,Brian Skinner,-0.7,-2.1,4069.0,2002.0
178,-0.9,Brandon Rush,-0.7,0.2,6646.0,2012.0
177,-0.7,Courtney Lee,-0.7,-0.1,6695.0,2012.0
175,-1.8,Andrea Bargnani,-0.7,1.1,3810.0,2012.0
153,-0.1,Keith Bogans,-0.7,-0.6,8614.0,2008.0
151,-0.4,Travis Outlaw,-0.7,-0.4,8095.0,2008.0
156,-3.3,Earl Boykins,-0.7,2.6,5052.0,2003.0
173,0.8,Alonzo Gee,-0.7,-1.5,6923.0,2012.0
155,-2.0,Chris Quinn,-0.7,1.2,4916.0,2008.0
161,-1.8,Anthony Morrow,-0.6,1.2,8420.0,2010.0
149,-0.6,Raul Lopez,-0.6,0.0,1901.0,2005.0
156,-1.0,Raja Bell,-0.6,0.4,12021.0,2007.0
155,0.4,Alexander Johnson,-0.6,-1.0,3060.0,2007.0
163,-0.3,Ricky Davis,-0.6,-0.3,12037.0,2007.0
154,0.3,Alan Henderson,-0.6,-0.9,1642.0,2007.0
152,-1.1,Reggie Slater,-0.6,0.5,562.0,2003.0
151,-0.8,Jumaine Jones,-0.6,0.2,6724.0,2005.0
167,0.1,Omri Casspi,-0.6,-0.7,7692.0,2010.0
140,-1.3,Mitch Richmond,-0.6,0.7,4683.0,2001.0
165,1.8,James Johnson,-0.6,-2.4,5845.0,2012.0
133,-0.3,Scott Burrell,-0.6,-0.2,154.0,2001.0
134,1.1,Jim McIlvaine,-0.6,-1.7,738.0,2001.0
138,0.2,Juwan Howard,-0.6,-0.8,11477.0,2001.0
139,-0.5,Emanual Davis,-0.6,-0.2,4817.0,2001.0
141,-1.3,Lindsey Hunter,-0.6,0.6,7441.0,2001.0
155,-2.1,Chris Whitney,-0.6,1.6,7942.0,2002.0
154,-0.4,Olumide Oyedeji,-0.6,-0.2,800.0,2002.0
157,0.1,Tyrone Nesby,-0.6,-0.8,5393.0,2002.0
168,0.3,Enes Kanter,-0.6,-1.0,4092.0,2013.0
170,-1.6,Steve Novak,-0.6,1.0,3939.0,2012.0
169,-0.5,Klay Thompson,-0.6,-0.2,11739.0,2013.0
156,-2.1,Jarrett Jack,-0.5,1.6,8802.0,2010.0
143,-0.5,Francisco Garcia,-0.5,0.0,8238.0,2008.0
142,-1.1,Ryan Gomes,-0.5,0.6,9326.0,2008.0
152,0.7,Stacey Augmon,-0.5,-1.2,4762.0,2002.0
151,3.4,Michael Olowokandi,-0.5,-3.9,9431.0,2002.0
141,0.2,Melvin Ely,-0.5,-0.7,2339.0,2006.0
139,0.7,Nenad Krstic,-0.5,-1.2,8648.0,2006.0
142,1.8,Loren Woods,-0.5,-2.3,1153.0,2006.0
154,-1.4,Charlie Villanueva,-0.5,0.9,8212.0,2009.0
130,1.0,Anthony Mason,-0.5,-1.5,11595.0,2001.0
151,0.3,Eddy Curry,-0.5,-0.9,11081.0,2007.0
152,-1.4,Dan Dickau,-0.5,0.9,1715.0,2007.0
158,0.8,Jason Smith,-0.5,-1.3,3479.0,2012.0
161,-0.8,O.J. Mayo,-0.5,0.3,11120.0,2013.0
144,-0.1,Tremaine Fowlkes,-0.4,-0.3,2151.0,2003.0
140,-0.9,DerMarr Johnson,-0.4,0.6,4621.0,2005.0
153,-0.0,Tobias Harris,-0.4,-0.4,4977.0,2013.0
152,1.4,Nikola Vucevic,-0.4,-1.8,9581.0,2013.0
147,-0.9,Lucious Harris,-0.4,0.5,5745.0,2002.0
140,0.5,Shavlik Randolph,-0.4,-0.8,719.0,2007.0
142,-0.6,Luke Walton,-0.4,0.2,8147.0,2007.0
155,0.3,Michael Kidd-Gilchrist,-0.4,-0.8,7555.0,2013.0
152,1.9,Joel Anthony,-0.4,-2.3,5119.0,2012.0
153,0.3,Corey Brewer,-0.4,-0.7,5146.0,2012.0
154,-1.6,John Lucas,-0.4,1.1,2630.0,2012.0
132,3.3,Lorenzen Wright,-0.4,-3.7,5700.0,2006.0
148,-0.5,Bill Walker,-0.4,0.1,3131.0,2011.0
140,-0.6,Danny Ferry,-0.4,0.3,2887.0,2002.0
141,-0.8,Keyon Dooling,-0.4,0.4,607.0,2002.0
138,-0.1,Bracey Wright,-0.3,-0.2,790.0,2007.0
137,2.0,Jorge Garbajosa,-0.3,-2.3,7563.0,2007.0
140,-1.0,Latrell Sprewell,-0.3,0.7,11454.0,2004.0
135,-0.5,Darius Songaila,-0.3,0.2,6252.0,2005.0
121,-0.6,Carlos Rogers,-0.3,0.4,1949.0,2001.0
124,-0.6,David Wesley,-0.3,0.3,11463.0,2001.0
125,2.0,Calvin Booth,-0.3,-2.3,3632.0,2001.0
134,-0.6,Lamond Murray,-0.3,0.3,8538.0,2002.0
142,-1.9,Mo Williams,-0.3,1.6,10400.0,2009.0
137,-1.2,Rodney Rogers,-0.3,0.9,7124.0,2002.0
139,-1.0,Andres Nocioni,-0.3,0.7,7753.0,2009.0
148,1.5,Glen Davis,-0.3,-1.8,3947.0,2013.0
149,0.4,Jeff Adrien,-0.3,-0.6,2650.0,2013.0
150,1.2,Ed Davis,-0.3,-1.5,5968.0,2013.0
118,1.3,Sean Rooks,-0.2,-1.4,5598.0,2001.0
142,-0.8,Tyreke Evans,-0.2,0.6,7714.0,2013.0
141,-2.4,Greivis Vasquez,-0.2,2.2,9804.0,2013.0
127,1.0,Othella Harrington,-0.2,-1.2,5631.0,2002.0
132,0.1,C.J. Miles,-0.2,-0.3,7517.0,2011.0
146,-1.0,Jordan Williams,-0.2,0.7,2398.0,2012.0
130,-1.4,James Jones,-0.2,1.2,4682.0,2008.0
135,0.5,Kenny Thomas,-0.2,-0.7,7356.0,2003.0
139,0.8,Kyrylo Fesenko,-0.2,-1.1,1568.0,2010.0
133,0.2,Craig Smith,-0.1,-0.4,4578.0,2010.0
115,-1.6,Moochie Norris,-0.1,1.5,6002.0,2001.0
116,-1.3,Alvin Williams,-0.1,1.2,8860.0,2001.0
117,1.1,Michael Smith,-0.1,-1.3,6167.0,2001.0
128,-0.6,Othyus Jeffers,-0.1,0.5,1278.0,2011.0
113,-2.2,Steve Smith,-0.1,2.1,9252.0,2001.0
131,-0.5,T.J. Ford,-0.1,0.3,8954.0,2007.0
125,-0.8,Corliss Williamson,-0.1,0.7,6285.0,2002.0
115,-1.2,Darrick Martin,-0.1,1.1,1212.0,2006.0
131,1.5,Ime Udoka,-0.1,-1.6,3856.0,2009.0
132,2.1,Chris Mihm,-0.1,-2.3,6966.0,2005.0
120,0.1,Jackie Butler,-0.1,-0.2,2471.0,2006.0
130,1.0,Christian Laettner,-0.1,-1.1,2719.0,2005.0
132,0.5,Aaron Gray,-0.1,-0.6,1182.0,2010.0
139,0.1,Chandler Parsons,-0.1,-0.2,11135.0,2013.0
138,-1.8,James Anderson,-0.1,1.7,1593.0,2013.0
119,-0.8,Jalen Rose,-0.0,0.8,11874.0,2002.0
117,0.7,Kenny Anderson,0.0,-0.7,9119.0,2002.0
132,-0.9,Carlos Delfino,-0.0,0.9,6827.0,2013.0
133,-2.2,Isaiah Thomas,-0.0,2.2,8195.0,2013.0
110,-2.2,Matt Bullard,0.0,2.3,3646.0,2001.0
121,-0.4,Michael Jordan,0.0,0.4,10922.0,2003.0
125,0.8,DeJuan Blair,0.0,-0.8,6704.0,2011.0
123,0.3,Jonas Jerebko,-0.0,-0.3,8169.0,2010.0
121,-0.5,Ronald Murray,-0.0,0.4,7443.0,2009.0
121,0.6,Lawrence Roberts,0.0,-0.6,3903.0,2007.0
122,-0.5,Mikki Moore,-0.0,0.4,8129.0,2007.0
119,-2.9,Chucky Atkins,0.0,3.0,8426.0,2007.0
118,0.9,Julian Wright,0.1,-0.8,2949.0,2011.0
107,0.0,Smush Parker,0.1,0.0,9924.0,2006.0
109,1.3,Michael Ruffin,0.1,-1.3,3154.0,2001.0
106,2.5,Charles Oakley,0.1,-2.4,10217.0,2001.0
115,-0.0,Randy Livingston,0.1,0.1,626.0,2002.0
113,-0.8,Wang Zhizhi,0.1,0.9,2287.0,2002.0
117,-3.0,Leandro Barbosa,0.1,3.1,10786.0,2007.0
115,-1.3,Carl Landry,0.1,1.4,2681.0,2008.0
128,-0.8,Sundiata Gaines,0.1,0.9,2965.0,2012.0
123,0.4,Chris Duhon,0.1,-0.3,7908.0,2005.0
128,0.3,Quincy Acy,0.1,-0.3,1231.0,2013.0
116,-0.5,Josh Childress,0.1,0.6,7946.0,2007.0
116,0.3,Morris Peterson,0.1,-0.1,7508.0,2004.0
112,-1.6,Richard Hamilton,0.1,1.8,8828.0,2008.0
115,1.3,Ryan Hollins,0.1,-1.2,1689.0,2009.0
121,1.3,Mamadou N'Diaye,0.1,-1.3,1380.0,2004.0
116,0.2,Martell Webster,0.1,-0.1,7362.0,2010.0
125,-0.4,Wesley Matthews,0.2,0.6,8460.0,2012.0
123,-0.1,Marvin Williams,0.2,0.3,5554.0,2012.0
121,1.4,Josh Harrellson,0.2,-1.1,2135.0,2012.0
102,3.2,David Harrison,0.2,-3.0,3705.0,2006.0
105,-0.9,Mark Jackson,0.2,1.0,9430.0,2001.0
104,0.2,Anfernee Hardaway,0.2,-0.1,431.0,2001.0
119,-1.3,Mickael Pietrus,0.2,1.5,5106.0,2005.0
111,-0.9,Rudy Fernandez,0.2,1.1,7271.0,2009.0
113,-2.9,Jason Williams,0.2,3.1,9214.0,2003.0
115,3.6,Jerome James,0.2,-3.4,2753.0,2003.0
124,2.5,Hamed Haddadi,0.2,-2.3,1254.0,2013.0
126,2.3,Bismack Biyombo,0.2,-2.1,8152.0,2013.0
105,0.9,Donnell Harvey,0.3,-0.6,3115.0,2002.0
113,0.0,Luis Scola,0.3,0.2,9629.0,2011.0
99,0.7,Erick Strickland,0.3,-0.4,3023.0,2001.0
98,1.8,Jarron Collins,0.3,-1.5,5988.0,2006.0
109,-1.3,Richie Frahm,0.3,1.6,1786.0,2004.0
108,0.1,Kevin Ollie,0.3,0.2,5010.0,2004.0
100,1.8,Clarence Weatherspoon,0.3,-1.5,10261.0,2001.0
108,-1.7,Eric Piatkowski,0.3,2.0,5151.0,2003.0
107,-0.5,Sean May,0.3,0.9,3332.0,2007.0
109,-0.5,Patrick Beverley,0.4,1.0,2972.0,2013.0
102,2.1,Hasheem Thabeet,0.4,-1.8,3449.0,2010.0
103,1.6,Shelden Williams,0.4,-1.2,2218.0,2010.0
106,-0.4,Kerry Kittles,0.4,0.8,7434.0,2003.0
102,-1.0,Jamal Crawford,0.4,1.5,7525.0,2003.0
100,-0.5,Rod Strickland,0.4,0.9,8184.0,2002.0
116,-0.3,Pablo Prigioni,0.4,0.7,4680.0,2013.0
101,-1.1,Wesley Person,0.4,1.5,10272.0,2002.0
110,1.1,Joey Dorsey,0.4,-0.7,1964.0,2011.0
113,1.1,Spencer Hawes,0.4,-0.7,8363.0,2013.0
111,-0.6,Kemba Walker,0.4,1.0,10677.0,2013.0
103,0.7,Delonte West,0.4,-0.3,8027.0,2009.0
101,2.6,Darko Milicic,0.4,-2.2,3885.0,2009.0
106,-0.8,Chase Budinger,0.4,1.2,6828.0,2011.0
107,1.2,Wilson Chandler,0.4,-0.8,9639.0,2011.0
115,-1.4,Brandon Jennings,0.4,1.8,9227.0,2012.0
99,2.3,Mark Blount,0.5,-1.7,9106.0,2004.0
108,0.5,Scott Padgett,0.5,-0.0,3413.0,2005.0
98,-2.1,Nate Robinson,0.5,2.5,8945.0,2009.0
95,1.4,Brian Grant,0.5,-0.9,9861.0,2001.0
94,-0.8,Travis Best,0.5,1.3,8916.0,2001.0
93,-0.3,Rick Fox,0.5,0.9,8646.0,2001.0
93,0.7,Anthony Randolph,0.5,-0.2,3155.0,2010.0
107,0.8,Mario Chalmers,0.5,-0.3,8031.0,2013.0
93,-0.4,Austin Croshere,0.5,0.9,2338.0,2003.0
94,-1.2,Wally Szczerbiak,0.5,1.7,11598.0,2002.0
100,2.3,Renaldo Balkman,0.5,-1.9,3591.0,2008.0
96,0.9,John Salmons,0.5,-0.4,10689.0,2010.0
91,-1.2,Bobby Jackson,0.5,1.6,6021.0,2006.0
109,0.9,Gustavo Ayon,0.6,-0.3,3999.0,2012.0
112,2.2,Ian Mahinmi,0.6,-1.6,4303.0,2012.0
104,-1.5,Damian Lillard,0.6,2.1,11852.0,2013.0
103,2.0,Thabo Sefolosha,0.6,-1.4,8843.0,2013.0
96,-1.1,Mike James,0.6,1.8,6695.0,2005.0
91,2.3,Andrew DeClercq,0.6,-1.7,3416.0,2001.0
97,1.0,Drew Gooden,0.6,-0.4,9055.0,2005.0
85,0.4,Dan Majerle,0.7,0.3,4414.0,2002.0
90,0.2,Walt Williams,0.7,0.5,5858.0,2001.0
107,-0.5,Jeff Teague,0.7,1.2,8105.0,2012.0
89,-0.7,Bonzi Wells,0.7,1.4,8676.0,2002.0
101,1.0,Tristan Thompson,0.7,-0.3,9723.0,2013.0
97,-0.2,Kyle Korver,0.7,1.0,8748.0,2013.0
88,0.5,Nazr Mohammed,0.7,0.2,3578.0,2001.0
87,0.5,C.J. Watson,0.7,0.2,7482.0,2010.0
92,1.1,Josh Boone,0.7,-0.4,3595.0,2009.0
95,0.7,Bobby Simmons,0.7,-0.1,10222.0,2005.0
88,2.2,George Lynch,0.7,-1.5,5520.0,2003.0
82,0.2,Shareef Abdur-Rahim,0.8,0.6,11451.0,2003.0
82,0.9,Devean George,0.8,-0.0,6646.0,2002.0
91,1.1,Anthony Davis,0.8,-0.3,6794.0,2013.0
93,1.1,Andray Blatche,0.8,-0.3,5859.0,2013.0
91,0.9,Rudy Gay,0.8,-0.1,8269.0,2011.0
91,0.4,Keith Van Horn,0.8,0.3,8789.0,2004.0
87,0.7,Eric Williams,0.8,0.1,6938.0,2004.0
85,-0.5,Speedy Claxton,0.8,1.3,5867.0,2004.0
80,-0.4,Anthony Johnson,0.8,1.2,6893.0,2006.0
86,-2.0,Kyrie Irving,0.9,3.0,7921.0,2013.0
87,0.1,DeMarre Carroll,0.9,0.8,4127.0,2013.0
99,0.6,Trevor Booker,0.9,0.2,4830.0,2012.0
88,-0.5,Nicolas Batum,0.9,1.4,10512.0,2013.0
82,-1.2,Damon Stoudamire,0.9,2.1,9764.0,2001.0
86,-2.2,Ben Gordon,0.9,3.1,11030.0,2007.0
80,2.5,Vladimir Stepania,0.9,-1.6,1583.0,2004.0
80,1.3,Malik Rose,0.9,-0.5,7198.0,2003.0
89,0.6,Matt Barnes,0.9,0.3,7942.0,2013.0
94,-0.4,Beno Udrih,0.9,1.3,4175.0,2012.0
88,-0.8,Jrue Holiday,0.9,1.7,11138.0,2011.0
88,3.7,Chris Kaman,0.9,-2.8,8014.0,2008.0
79,2.2,Louis Amundson,0.9,-1.3,4600.0,2010.0
76,-0.0,Stephen Jackson,0.9,1.0,11974.0,2010.0
86,1.2,Udonis Haslem,1.0,-0.2,9657.0,2005.0
79,-2.8,Nick Van Exel,1.0,3.8,9976.0,2001.0
75,-0.6,Michael Finley,1.0,1.6,10050.0,2003.0
85,0.1,Brian Cook,1.0,0.9,4122.0,2007.0
91,2.4,Ronnie Brewer,1.0,-1.4,6130.0,2012.0
90,2.0,Luc Mbah a Moute,1.0,-0.9,3958.0,2012.0
82,-0.7,Raymond Felton,1.0,1.8,11030.0,2011.0
81,1.7,Grant Hill,1.0,-0.7,9866.0,2009.0
82,0.1,Jimmy Butler,1.0,0.9,8069.0,2013.0
78,0.9,Eric Snow,1.0,0.1,10677.0,2004.0
76,1.3,Danny Fortson,1.0,-0.4,8737.0,2002.0
77,2.3,Bruce Bowen,1.0,-1.3,9442.0,2003.0
76,0.2,Richard Jefferson,1.1,0.9,11516.0,2004.0
73,-0.7,Matt Harpring,1.1,1.7,9482.0,2003.0
80,-0.1,Monta Ellis,1.1,1.2,12378.0,2013.0
78,2.0,Robert Traylor,1.1,-0.8,4439.0,2001.0
76,-1.0,Jameer Nelson,1.1,2.1,5095.0,2009.0
77,1.4,Kurt Thomas,1.2,-0.2,7570.0,2001.0
77,1.5,Chris Wilcox,1.2,-0.4,7036.0,2008.0
72,1.1,Jake Tsakalidis,1.2,0.1,2499.0,2006.0
79,0.6,Anthony Tolliver,1.2,0.6,5441.0,2011.0
78,1.6,Jared Jeffries,1.2,-0.4,2331.0,2011.0
64,-0.9,Bob Sura,1.2,2.1,6855.0,2002.0
65,2.5,Jahidi White,1.2,-1.3,4898.0,2002.0
67,0.5,Popeye Jones,1.2,0.7,6926.0,2002.0
72,0.6,Al Harrington,1.2,0.6,10295.0,2009.0
74,-1.3,Steve Blake,1.2,2.5,7897.0,2009.0
78,-2.3,Damon Jones,1.2,3.5,9291.0,2005.0
83,1.0,Channing Frye,1.3,0.3,6440.0,2012.0
75,-0.8,Mike Miller,1.3,2.1,8400.0,2005.0
69,1.5,Stromile Swift,1.3,-0.3,5781.0,2004.0
74,0.7,Quentin Richardson,1.3,0.6,11141.0,2005.0
73,0.8,Josh McRoberts,1.3,0.5,6373.0,2011.0
79,2.8,Etan Thomas,1.3,-1.5,4958.0,2007.0
62,1.1,Trevor Ariza,1.3,0.2,10304.0,2010.0
71,1.0,Mookie Blaylock,1.3,0.4,9136.0,2001.0
78,0.6,Kwame Brown,1.3,0.6,4496.0,2007.0
73,-0.2,Marko Jaric,1.3,1.6,5883.0,2005.0
74,-1.0,Terrell Brandon,1.3,2.3,10628.0,2001.0
75,0.1,Jamal Mashburn,1.3,1.2,11140.0,2001.0
70,0.9,Dorell Wright,1.4,0.5,12572.0,2011.0
70,-0.5,Bryon Russell,1.4,1.8,8959.0,2001.0
68,-1.0,Cuttino Mobley,1.4,2.4,10976.0,2001.0
69,-2.4,Jose Calderon,1.4,3.9,9309.0,2008.0
69,4.4,Rasho Nesterovic,1.4,-2.9,6399.0,2005.0
68,-1.8,Mike Bibby,1.5,3.3,11721.0,2005.0
65,-0.3,Fred Hoiberg,1.5,1.8,4587.0,2005.0
64,-0.6,Vladimir Radmanovic,1.5,2.1,6680.0,2005.0
68,3.0,Tyrus Thomas,1.5,-1.6,5190.0,2008.0
69,2.3,Zaza Pachulia,1.5,-0.8,7814.0,2007.0
65,-1.0,Tim Thomas,1.5,2.5,7898.0,2001.0
66,3.2,Evan Eschmeyer,1.5,-1.8,5100.0,2001.0
67,0.5,Derek Fisher,1.5,1.0,2673.0,2001.0
66,3.4,Keon Clark,1.5,-2.0,6838.0,2003.0
64,3.3,Tony Battie,1.5,-1.8,6218.0,2003.0
66,-1.0,Ramon Sessions,1.5,2.5,8536.0,2009.0
66,-1.6,Eric Gordon,1.5,3.1,8195.0,2011.0
65,-2.4,Kevin Martin,1.5,3.9,10391.0,2011.0
77,1.9,Landry Fields,1.5,-0.4,7445.0,2012.0
69,1.4,Kawhi Leonard,1.5,0.1,7217.0,2013.0
59,-0.2,Desmond Mason,1.6,1.7,9411.0,2004.0
64,0.4,Mehmet Okur,1.6,1.3,9486.0,2009.0
57,2.0,Joe Smith,1.6,-0.3,8292.0,2004.0
56,-2.4,Antonio Daniels,1.6,4.1,5510.0,2004.0
67,-0.8,Anthony Parker,1.6,2.4,9691.0,2007.0
57,1.1,Todd MacCulloch,1.6,0.6,5806.0,2002.0
61,2.9,Scott Williams,1.6,-1.3,4875.0,2001.0
63,1.5,Clifford Robinson,1.6,0.2,10474.0,2001.0
58,1.0,Scottie Pippen,1.6,0.6,7006.0,2003.0
59,0.2,Aaron McKie,1.7,1.5,8781.0,2001.0
59,4.8,DeSagana Diop,1.7,-3.0,4866.0,2008.0
60,0.0,Caron Butler,1.7,1.7,8701.0,2008.0
65,1.1,Kenneth Faried,1.7,0.6,8652.0,2013.0
66,1.5,Eric Bledsoe,1.7,0.2,5996.0,2013.0
63,0.7,Kirk Hinrich,1.7,1.0,5254.0,2009.0
67,-0.8,Gordon Hayward,1.7,2.5,7915.0,2013.0
55,1.5,Brevin Knight,1.8,0.3,4435.0,2006.0
62,3.6,Al-Farouq Aminu,1.8,-1.9,7581.0,2013.0
58,3.9,Reggie Evans,1.8,-2.1,6969.0,2008.0
59,2.3,Steven Hunter,1.8,-0.6,4086.0,2005.0
61,2.4,Kosta Koufos,1.8,-0.6,7197.0,2013.0
56,1.6,Dale Davis,1.8,0.1,7823.0,2001.0
48,0.7,Eduardo Najera,1.8,1.2,5176.0,2002.0
51,2.0,Darius Miles,1.8,-0.2,7813.0,2001.0
54,2.8,Ryan Bowen,1.8,-1.1,3660.0,2003.0
53,0.4,Antoine Walker,1.8,1.4,12072.0,2003.0
60,-0.1,Tayshaun Prince,1.8,2.0,11347.0,2007.0
52,-1.4,Jon Barry,1.8,3.2,5292.0,2003.0
57,1.3,Andre Drummond,1.9,0.6,4505.0,2013.0
60,3.1,Derrick Favors,1.9,-1.3,6575.0,2013.0
58,-1.9,Jason Terry,1.9,3.7,11009.0,2007.0
60,2.4,Jamario Moon,1.9,-0.5,7793.0,2009.0
49,2.5,Derrick Coleman,1.9,-0.6,6535.0,2003.0
53,0.3,Nikola Pekovic,2.0,1.8,7443.0,2013.0
45,2.6,Horace Grant,2.0,-0.6,8318.0,2002.0
55,2.1,Robin Lopez,2.0,-0.1,7833.0,2013.0
42,0.2,Jared Dudley,2.0,1.8,7824.0,2010.0
44,-0.2,Derek Anderson,2.0,2.2,6785.0,2002.0
44,3.5,Kendrick Perkins,2.0,-1.5,8199.0,2010.0
58,1.8,Ronny Turiaf,2.0,0.2,6804.0,2009.0
53,1.3,Jason Maxiell,2.0,0.7,6461.0,2008.0
56,0.8,Rafer Alston,2.0,1.2,12082.0,2007.0
45,-1.2,Peja Stojakovic,2.0,3.2,9760.0,2003.0
46,3.0,Eddie Griffin,2.0,-1.0,6962.0,2003.0
57,1.2,Leon Powe,2.0,0.8,4562.0,2009.0
67,-1.2,Rodney Stuckey,2.0,3.2,6083.0,2012.0
49,1.6,James Posey,2.0,0.4,9074.0,2004.0
56,-1.1,Goran Dragic,2.0,3.1,9933.0,2013.0
65,0.9,Jason Thompson,2.0,1.2,6522.0,2012.0
59,1.3,Danny Green,2.1,0.9,5909.0,2012.0
60,-1.5,Louis Williams,2.1,3.6,6308.0,2012.0
44,-1.3,Tim Hardaway,2.1,3.4,9289.0,2001.0
43,-1.5,Darrell Armstrong,2.1,3.7,10454.0,2001.0
61,1.6,Kris Humphries,2.1,0.6,8016.0,2012.0
62,2.4,Marcin Gortat,2.1,-0.3,8236.0,2012.0
45,3.8,Elden Campbell,2.1,-1.7,8511.0,2001.0
63,-1.2,Ty Lawson,2.1,3.2,8390.0,2012.0
54,0.7,Larry Hughes,2.1,1.3,8910.0,2005.0
52,0.9,Troy Murphy,2.2,1.3,9993.0,2009.0
52,0.8,David Lee,2.2,1.4,6910.0,2007.0
41,-0.1,Ruben Patterson,2.2,2.2,7677.0,2001.0
52,1.1,Brandan Wright,2.2,1.1,4411.0,2013.0
56,0.1,Matt Bonner,2.2,2.0,5077.0,2012.0
58,0.2,Jeremy Lin,2.2,2.0,3717.0,2012.0
49,0.0,George Hill,2.3,2.3,9859.0,2013.0
36,0.9,Terry Porter,2.3,1.4,4749.0,2002.0
47,5.9,Jason Collins,2.3,-3.6,9029.0,2005.0
51,0.1,Earl Watson,2.3,2.1,5771.0,2006.0
44,-1.6,Michael Redd,2.4,4.0,8176.0,2007.0
35,-0.5,Gary Payton,2.4,2.9,12095.0,2002.0
41,-0.4,Brian Cardinal,2.4,2.8,5891.0,2004.0
49,-0.3,J.R. Smith,2.4,2.7,8893.0,2009.0
46,0.9,Mike Dunleavy,2.4,1.6,12085.0,2008.0
46,-0.7,Carmelo Anthony,2.4,3.1,8978.0,2009.0
51,1.6,DeMarcus Cousins,2.5,0.8,7761.0,2012.0
48,3.4,Tony Allen,2.5,-0.8,5780.0,2012.0
46,0.1,Ersan Ilyasova,2.5,2.4,8198.0,2013.0
44,1.8,Greg Monroe,2.5,0.7,9919.0,2013.0
35,3.0,Nick Collison,2.5,-0.5,5999.0,2010.0
49,3.5,Ekpe Udoh,2.5,-1.0,4929.0,2012.0
44,-0.4,Joe Johnson,2.5,2.8,11658.0,2009.0
45,1.0,Al Jefferson,2.5,1.5,6993.0,2009.0
38,4.2,Ervin Johnson,2.5,-1.7,7309.0,2001.0
34,2.6,P.J. Brown,2.5,-0.0,9473.0,2002.0
37,0.3,Reggie Miller,2.6,2.3,8194.0,2004.0
37,-1.4,Jerry Stackhouse,2.6,3.9,12365.0,2001.0
48,0.8,Josh Howard,2.6,1.8,6567.0,2006.0
34,2.4,Kenyon Martin,2.7,0.3,9972.0,2003.0
38,2.8,Chuck Hayes,2.7,-0.1,8131.0,2011.0
43,-0.0,Jamaal Tinsley,2.7,2.7,4594.0,2005.0
40,-0.1,Carlos Boozer,2.7,2.9,11148.0,2008.0
42,1.0,Hedo Turkoglu,2.7,1.7,10825.0,2009.0
46,-0.6,Jason Richardson,2.7,3.3,10771.0,2006.0
41,2.4,JaVale McGee,2.7,0.3,8514.0,2011.0
33,3.0,Jerome Williams,2.8,-0.2,8597.0,2003.0
44,2.0,Boris Diaw,2.8,0.8,10837.0,2006.0
41,3.1,Paul George,2.9,-0.2,11280.0,2013.0
42,-0.4,John Wall,2.9,3.2,6171.0,2013.0
30,4.8,Adonal Foyle,2.9,-1.9,6878.0,2003.0
33,2.5,Antonio Davis,2.9,0.4,10075.0,2001.0
32,3.9,Scot Pollard,2.9,-1.0,6050.0,2001.0
30,-1.0,Sam Cassell,2.9,3.9,10525.0,2004.0
29,3.2,Raef LaFrentz,2.9,-0.4,9147.0,2002.0
35,0.8,Corey Maggette,2.9,2.1,9785.0,2008.0
40,1.7,Thaddeus Young,3.0,1.3,9895.0,2013.0
26,2.1,Jamaal Magloire,3.0,0.8,5692.0,2002.0
40,-0.0,Donyell Marshall,3.0,3.0,6026.0,2005.0
29,0.3,Charlie Ward,3.0,2.7,5553.0,2003.0
33,4.1,Samuel Dalembert,3.0,-1.1,9782.0,2007.0
29,2.2,Al Horford,3.1,0.9,10541.0,2010.0
39,3.1,DeAndre Jordan,3.1,-0.0,7721.0,2013.0
30,2.3,Antonio McDyess,3.1,0.8,9507.0,2001.0
32,4.2,Emeka Okafor,3.1,-1.1,9179.0,2007.0
37,2.3,Eddie Jones,3.1,0.9,10136.0,2005.0
30,2.5,Luol Deng,3.2,0.7,12133.0,2011.0
27,-0.0,Brent Barry,3.2,3.2,6742.0,2004.0
28,2.3,Greg Oden,3.2,0.9,1793.0,2010.0
38,2.0,Ricky Rubio,3.2,1.2,6537.0,2013.0
32,3.8,Serge Ibaka,3.2,-0.6,6989.0,2012.0
32,0.7,Zach Randolph,3.2,2.5,10351.0,2011.0
28,-0.6,Devin Harris,3.3,3.9,9551.0,2009.0
32,5.2,Kelvin Cato,3.3,-1.9,5760.0,2005.0
33,2.2,Robert Horry,3.3,1.1,5060.0,2005.0
35,6.1,Larry Sanders,3.3,-2.7,7773.0,2013.0
30,3.8,Dan Gadzuric,3.4,-0.4,6454.0,2005.0
34,2.3,David West,3.4,1.1,9209.0,2013.0
27,3.5,Jeff Foster,3.4,-0.1,5578.0,2005.0
22,4.2,Hakeem Olajuwon,3.4,-0.8,5794.0,2001.0
28,-0.1,Tony Parker,3.5,3.6,7405.0,2012.0
25,0.6,Antawn Jamison,3.6,3.0,11532.0,2008.0
27,3.3,Andris Biedrins,3.6,0.3,8546.0,2008.0
20,4.6,Arvydas Sabonis,3.6,-1.0,4730.0,2001.0
27,0.7,Rajon Rondo,3.6,2.8,7460.0,2012.0
26,3.7,Taj Gibson,3.6,-0.1,4723.0,2012.0
17,0.5,Allen Iverson,3.6,3.1,9761.0,2002.0
25,-1.9,Stephon Marbury,3.6,5.5,12035.0,2005.0
31,2.1,Brook Lopez,3.6,1.6,8588.0,2013.0
31,4.8,Joel Przybilla,3.7,-1.2,4849.0,2006.0
27,3.5,Tiago Splitter,3.7,0.2,7902.0,2013.0
29,0.4,Kyle Lowry,3.7,3.3,7504.0,2013.0
21,2.8,Doug Christie,3.7,0.9,10713.0,2003.0
21,4.3,Erick Dampier,3.7,-0.7,8819.0,2004.0
20,0.4,Toni Kukoc,3.8,3.4,6198.0,2003.0
25,2.1,LaMarcus Aldridge,3.8,1.7,10369.0,2013.0
26,1.3,Danilo Gallinari,3.8,2.5,8882.0,2013.0
24,1.2,Danny Granger,3.8,2.6,7877.0,2012.0
23,2.8,Andrew Bynum,3.9,1.1,7968.0,2012.0
23,3.4,Zydrunas Ilgauskas,3.9,0.5,9279.0,2005.0
20,2.3,Anderson Varejao,4.1,1.8,3395.0,2013.0
19,-0.5,Stephen Curry,4.2,4.7,11983.0,2013.0
25,3.9,Gerald Wallace,4.2,0.2,3200.0,2006.0
15,-0.7,Andre Miller,4.2,4.9,11068.0,2002.0
13,6.8,Theo Ratliff,4.2,-2.6,9546.0,2004.0
14,3.0,Chris Webber,4.3,1.3,10968.0,2001.0
22,4.5,Shane Battier,4.3,-0.2,9684.0,2006.0
13,1.9,Rashard Lewis,4.3,2.3,11080.0,2009.0
19,-1.1,Derrick Rose,4.3,5.5,5203.0,2012.0
12,-0.6,Brandon Roy,4.4,5.0,10557.0,2009.0
18,0.1,Ryan Anderson,4.4,4.3,7334.0,2012.0
16,1.2,Amare Stoudemire,4.5,3.3,11252.0,2005.0
14,5.9,Greg Ostertag,4.5,-1.4,6975.0,2003.0
16,5.4,Omer Asik,4.5,-0.8,9938.0,2013.0
15,4.3,Roy Hibbert,4.6,0.3,8556.0,2013.0
14,4.9,Joakim Noah,4.6,-0.3,9099.0,2013.0
13,3.6,Amir Johnson,4.7,1.1,8506.0,2013.0
11,1.2,Karl Malone,4.7,3.6,10646.0,2001.0
13,-0.7,Ray Allen,4.7,5.4,11965.0,2001.0
11,3.7,Rasheed Wallace,4.8,1.1,8561.0,2004.0
10,4.1,Bo Outlaw,4.8,0.7,9556.0,2001.0
15,3.3,Metta World Peace,5.0,1.7,8077.0,2006.0
12,-0.6,Deron Williams,5.0,5.6,10988.0,2010.0
12,2.0,Mike Conley,5.1,3.1,10353.0,2013.0
11,-0.9,James Harden,5.1,6.0,12112.0,2013.0
9,1.7,Steve Francis,5.1,3.5,12101.0,2003.0
9,-0.3,Vince Carter,5.2,5.4,11061.0,2001.0
10,2.1,Pau Gasol,5.2,3.1,11537.0,2011.0
10,4.5,Chris Andersen,5.2,0.6,2432.0,2013.0
15,2.9,Shawn Marion,5.2,2.3,12433.0,2007.0
9,3.6,Yao Ming,5.2,1.7,9683.0,2009.0
9,4.4,Tyson Chandler,5.3,0.9,8210.0,2013.0
9,4.5,Jermaine O'Neal,5.3,0.9,9981.0,2004.0
13,4.2,Andre Iguodala,5.3,1.1,8228.0,2012.0
8,0.1,Russell Westbrook,5.3,5.3,11345.0,2013.0
10,5.6,Vlade Divac,5.4,-0.2,9510.0,2002.0
6,3.4,Paul Millsap,5.4,2.0,8764.0,2013.0
8,4.0,Nene Hilario,5.5,1.5,9010.0,2011.0
7,5.3,Andrew Bogut,5.5,0.2,8476.0,2010.0
8,3.3,Brad Miller,5.5,2.2,10041.0,2004.0
11,5.1,Alonzo Mourning,5.6,0.5,4646.0,2006.0
9,1.9,Blake Griffin,5.6,3.7,8861.0,2012.0
9,5.6,Brendan Haywood,5.6,-0.0,7129.0,2005.0
8,2.1,Paul Pierce,5.7,3.7,12483.0,2002.0
9,-0.5,Chauncey Billups,5.8,6.3,9191.0,2008.0
6,7.4,Dikembe Mutombo,5.8,-1.6,9558.0,2001.0
4,5.6,Marc Gasol,6.0,0.4,10513.0,2013.0
7,-0.9,Baron Davis,6.0,6.9,9403.0,2007.0
5,7.5,Shawn Bradley,6.0,-1.5,7422.0,2001.0
8,-2.6,Steve Nash,6.0,8.6,11070.0,2007.0
9,6.4,Marcus Camby,6.0,-0.4,10011.0,2007.0
9,2.9,Elton Brand,6.0,3.0,11284.0,2006.0
7,2.1,Chris Bosh,6.1,4.1,9006.0,2008.0
5,4.6,Lamar Odom,6.2,1.5,9119.0,2009.0
5,4.9,Josh Smith,6.2,1.3,8752.0,2012.0
6,1.0,Gilbert Arenas,6.2,5.2,12118.0,2007.0
4,1.5,Kevin Love,6.2,4.7,8390.0,2012.0
7,1.9,Jason Kidd,6.5,4.6,8834.0,2005.0
5,0.8,Kobe Bryant,6.6,5.7,12831.0,2008.0
3,1.5,John Stockton,7.0,5.5,8865.0,2001.0
6,2.0,Manu Ginobili,7.1,5.2,7916.0,2005.0
5,0.1,Tracy McGrady,7.7,7.6,11422.0,2003.0
2,7.1,David Robinson,8.0,1.0,8754.0,2001.0
3,3.1,Dirk Nowitzki,8.0,4.9,11907.0,2003.0
2,2.3,Kevin Durant,8.0,5.7,12297.0,2013.0
2,4.9,Andrei Kirilenko,8.9,4.0,4769.0,2005.0
1,1.4,Chris Paul,9.0,7.6,11107.0,2009.0
0,9.2,Ben Wallace,9.1,-0.1,9803.0,2006.0
2,1.1,Dwyane Wade,9.4,8.2,10629.0,2010.0
0,7.2,Dwight Howard,9.7,2.5,11145.0,2011.0
1,5.6,Kevin Garnett,10.3,4.7,11904.0,2004.0
0,6.4,Tim Duncan,10.9,4.4,8005.0,2005.0
0,3.5,Shaquille O'Neal,11.1,7.7,10892.0,2001.0
0,2.6,LeBron James,11.9,9.2,11299.0,2010.0
